-- phpMyAdmin SQL Dump
-- version 5.1.1
-- https://www.phpmyadmin.net/
--
-- Host: 127.0.0.1
-- Generation Time: Jul 25, 2023 at 05:52 PM
-- Server version: 10.4.21-MariaDB
-- PHP Version: 8.0.12

SET SQL_MODE = "NO_AUTO_VALUE_ON_ZERO";
START TRANSACTION;
SET time_zone = "+00:00";


/*!40101 SET @OLD_CHARACTER_SET_CLIENT=@@CHARACTER_SET_CLIENT */;
/*!40101 SET @OLD_CHARACTER_SET_RESULTS=@@CHARACTER_SET_RESULTS */;
/*!40101 SET @OLD_COLLATION_CONNECTION=@@COLLATION_CONNECTION */;
/*!40101 SET NAMES utf8mb4 */;

--
-- Database: `chat_system4`
--

-- --------------------------------------------------------

--
-- Table structure for table `admin_notifications`
--

CREATE TABLE `admin_notifications` (
  `id` bigint(20) UNSIGNED NOT NULL,
  `admin_id` bigint(20) UNSIGNED NOT NULL,
  `user_id` bigint(20) UNSIGNED NOT NULL,
  `message_en` text COLLATE utf8mb4_unicode_ci NOT NULL,
  `message_ar` text COLLATE utf8mb4_unicode_ci NOT NULL,
  `chat_name` varchar(191) COLLATE utf8mb4_unicode_ci NOT NULL,
  `created_at` timestamp NULL DEFAULT NULL,
  `updated_at` timestamp NULL DEFAULT NULL
) ENGINE=InnoDB DEFAULT CHARSET=utf8mb4 COLLATE=utf8mb4_unicode_ci;

-- --------------------------------------------------------

--
-- Table structure for table `bids`
--

CREATE TABLE `bids` (
  `bid_id` bigint(20) UNSIGNED NOT NULL,
  `job_id` bigint(20) UNSIGNED NOT NULL,
  `user_id` bigint(20) UNSIGNED NOT NULL,
  `amount` decimal(10,2) NOT NULL,
  `description` text COLLATE utf8mb4_unicode_ci DEFAULT NULL,
  `created_at` timestamp NULL DEFAULT NULL,
  `updated_at` timestamp NULL DEFAULT NULL
) ENGINE=InnoDB DEFAULT CHARSET=utf8mb4 COLLATE=utf8mb4_unicode_ci;

-- --------------------------------------------------------

--
-- Table structure for table `categories`
--

CREATE TABLE `categories` (
  `id` bigint(20) UNSIGNED NOT NULL,
  `name_en` varchar(191) COLLATE utf8mb4_unicode_ci NOT NULL,
  `name_ar` varchar(191) COLLATE utf8mb4_unicode_ci NOT NULL,
  `notic` text COLLATE utf8mb4_unicode_ci DEFAULT NULL,
  `created_at` timestamp NULL DEFAULT NULL,
  `updated_at` timestamp NULL DEFAULT NULL
) ENGINE=InnoDB DEFAULT CHARSET=utf8mb4 COLLATE=utf8mb4_unicode_ci;

--
-- Dumping data for table `categories`
--

INSERT INTO `categories` (`id`, `name_en`, `name_ar`, `notic`, `created_at`, `updated_at`) VALUES
(1, 'website', 'مواقع الكترونية', NULL, '2023-03-23 20:20:43', '2023-03-23 20:20:43'),
(2, 'Carpentry', 'نجارة', NULL, '2023-03-23 20:21:15', '2023-03-23 20:21:15'),
(3, 'blacksmith', 'حدادة', NULL, '2023-03-23 20:21:50', '2023-03-23 20:21:50'),
(6, 'w', 'ee', NULL, '2023-03-26 09:30:16', '2023-03-26 09:30:16'),
(8, '1D print 1112', 'طباعة ثلاثية الابعاد', 'كافة الأشكال', '2023-03-27 16:08:51', '2023-05-16 03:53:56');

-- --------------------------------------------------------

--
-- Table structure for table `chat_messages`
--

CREATE TABLE `chat_messages` (
  `id` bigint(20) UNSIGNED NOT NULL,
  `chat_room_id` int(11) NOT NULL,
  `user_id` int(11) NOT NULL,
  `message` mediumtext COLLATE utf8mb4_unicode_ci DEFAULT NULL,
  `notic` text COLLATE utf8mb4_unicode_ci DEFAULT NULL,
  `privet_key` varchar(100) COLLATE utf8mb4_unicode_ci DEFAULT NULL,
  `created_at` timestamp NULL DEFAULT NULL,
  `updated_at` timestamp NULL DEFAULT NULL
) ENGINE=InnoDB DEFAULT CHARSET=utf8mb4 COLLATE=utf8mb4_unicode_ci;

--
-- Dumping data for table `chat_messages`
--

INSERT INTO `chat_messages` (`id`, `chat_room_id`, `user_id`, `message`, `notic`, `privet_key`, `created_at`, `updated_at`) VALUES
(1, 1, 1, 'we', NULL, '', '2023-04-12 09:05:30', '2023-04-12 09:05:30'),
(2, 1, 1, 'we', NULL, '', '2023-04-12 09:05:30', '2023-04-12 09:05:30'),
(3, 1, 1, 'w', NULL, '', '2023-04-12 09:05:32', '2023-04-12 09:05:32'),
(4, 1, 1, 'we', NULL, '', '2023-04-12 09:05:32', '2023-04-12 09:05:32'),
(5, 1, 1, 'w', NULL, '', '2023-04-12 09:05:35', '2023-04-12 09:05:35'),
(6, 1, 1, 'w', NULL, '', '2023-04-12 09:05:36', '2023-04-12 09:05:36'),
(7, 1, 1, 'w', NULL, '', '2023-04-12 09:05:37', '2023-04-12 09:05:37'),
(8, 1, 1, 'ww', NULL, '', '2023-04-12 09:05:37', '2023-04-12 09:05:37'),
(9, 1, 1, 'w', NULL, '', '2023-04-12 09:05:37', '2023-04-12 09:05:37'),
(10, 1, 1, 'w', NULL, '', '2023-04-12 09:05:43', '2023-04-12 09:05:43'),
(11, 1, 1, 'w', NULL, '', '2023-04-12 09:05:44', '2023-04-12 09:05:44'),
(12, 1, 1, 'w', NULL, '', '2023-04-12 09:05:45', '2023-04-12 09:05:45'),
(13, 1, 1, 'we', NULL, '', '2023-04-12 09:05:46', '2023-04-12 09:05:46'),
(14, 1, 1, 'we', NULL, '', '2023-04-12 09:05:46', '2023-04-12 09:05:46'),
(15, 1, 1, 'werew', NULL, '', '2023-04-12 09:05:47', '2023-04-12 09:05:47'),
(16, 1, 1, 'r', NULL, '', '2023-04-12 09:05:47', '2023-04-12 09:05:47'),
(17, 1, 1, 'r', NULL, '', '2023-04-12 09:05:47', '2023-04-12 09:05:47'),
(18, 1, 1, 'fe', NULL, '', '2023-04-12 09:05:47', '2023-04-12 09:05:47'),
(19, 1, 1, 'fe', NULL, '', '2023-04-12 09:05:48', '2023-04-12 09:05:48'),
(20, 1, 1, 'fg', NULL, '', '2023-04-12 09:05:48', '2023-04-12 09:05:48'),
(21, 1, 1, 'r', NULL, '', '2023-04-12 09:05:48', '2023-04-12 09:05:48'),
(22, 1, 1, 'r', NULL, '', '2023-04-12 09:05:48', '2023-04-12 09:05:48'),
(23, 1, 1, 'r', NULL, '', '2023-04-12 09:05:49', '2023-04-12 09:05:49'),
(24, 1, 1, 'we', NULL, '', '2023-04-12 09:07:33', '2023-04-12 09:07:33'),
(25, 1, 1, 'wee', NULL, '', '2023-04-12 09:07:37', '2023-04-12 09:07:37'),
(26, 1, 1, 'hello man', NULL, '', '2023-04-12 09:14:57', '2023-04-12 09:14:57'),
(27, 1, 1, 'hello', NULL, '', '2023-04-12 09:19:34', '2023-04-12 09:19:34'),
(28, 1, 1, 'hello', NULL, '', '2023-04-12 09:22:46', '2023-04-12 09:22:46'),
(29, 1, 1, 'hi', NULL, '', '2023-04-12 09:58:18', '2023-04-12 09:58:18'),
(30, 1, 1, 'dd', NULL, '', '2023-04-12 10:07:32', '2023-04-12 10:07:32'),
(31, 1, 1, 'fdfr', NULL, '', '2023-04-12 10:10:34', '2023-04-12 10:10:34'),
(32, 1, 1, 'htrght', NULL, '', '2023-04-12 10:10:36', '2023-04-12 10:10:36'),
(33, 1, 1, 'hi', NULL, '', '2023-04-12 10:28:25', '2023-04-12 10:28:25'),
(34, 1, 1, 'تمام', NULL, '', '2023-04-12 10:29:49', '2023-04-12 10:29:49'),
(35, 1, 1, 'ss', NULL, '', '2023-04-12 10:30:58', '2023-04-12 10:30:58'),
(36, 2, 1, 'مرحبا', NULL, '', '2023-04-12 11:28:09', '2023-04-12 11:28:09'),
(37, 2, 1, 'هذه غرفة الدردشة الثانية', NULL, '', '2023-04-12 11:28:23', '2023-04-12 11:28:23'),
(38, 1, 2, 'helo', NULL, '', '2023-04-15 07:56:03', '2023-04-15 07:56:03'),
(39, 1, 2, 'helo', NULL, '', '2023-04-15 07:56:09', '2023-04-15 07:56:09'),
(40, 1, 2, 'واخيرا', NULL, '', '2023-04-15 07:56:24', '2023-04-15 07:56:24'),
(41, 1, 2, 'تمت العملية بنجاح', NULL, '', '2023-04-15 07:56:42', '2023-04-15 07:56:42'),
(42, 1, 2, 'hi', NULL, '', '2023-04-15 07:58:07', '2023-04-15 07:58:07'),
(43, 1, 3, 'مرحبا', NULL, '', '2023-04-15 07:59:48', '2023-04-15 07:59:48'),
(44, 3, 1, 'hi', NULL, '', '2023-04-15 08:19:55', '2023-04-15 08:19:55'),
(45, 3, 1, 'مرحبا غرفة الدردشة هذه مخصصة للويب فقط', NULL, '', '2023-04-15 08:21:43', '2023-04-15 08:21:43'),
(46, 1, 1, 'lvpfh', NULL, '', '2023-04-15 08:55:21', '2023-04-15 08:55:21'),
(47, 3, 1, 'مرحبا', NULL, '', '2023-04-15 08:55:44', '2023-04-15 08:55:44'),
(48, 1, 4, 'مرحبا انا اسامة', 'Veritatis a adipisci', '', '2023-04-15 11:56:57', '2023-04-15 12:59:14'),
(49, 1, 1, 'مرحبا', 'تمت بنجاح', '', '2023-04-15 12:36:40', '2023-04-15 12:36:40'),
(50, 4, 4, 'مرحبا', NULL, '', '2023-04-18 12:17:36', '2023-04-18 12:17:36'),
(51, 4, 4, 'مرحبا', NULL, '', '2023-04-18 12:17:42', '2023-04-18 12:17:42'),
(52, 4, 4, 'انا اسامه', NULL, '', '2023-04-18 12:17:54', '2023-04-18 12:17:54'),
(53, 4, 2, 'اهلا اسامة', NULL, '', '2023-04-18 12:18:07', '2023-04-18 12:18:07'),
(54, 4, 2, 'انا طارق', NULL, '', '2023-04-18 12:18:12', '2023-04-18 12:18:12'),
(55, 4, 2, 'عفوا انا محمد', NULL, '', '2023-04-18 12:19:22', '2023-04-18 12:19:22'),
(56, 3, 2, 'مرحبا', NULL, '', '2023-04-19 16:00:23', '2023-04-19 16:00:23'),
(57, 3, 2, 'مرحبا', NULL, '', '2023-04-19 16:00:31', '2023-04-19 16:00:31'),
(58, 3, 1, 'كيف الحال', 'lllll', '', '2023-04-19 16:00:50', '2023-04-22 16:05:35'),
(59, 3, 1, 'مرحبا', '11', '', '2023-04-19 16:14:41', '2023-04-22 15:37:19'),
(60, 1, 1, 'مرحبا بالجميع', NULL, '', '2023-04-19 16:17:00', '2023-04-19 16:17:00'),
(61, 1, 2, 'hjhj', NULL, '', '2023-04-22 08:39:28', '2023-04-22 08:39:28'),
(62, 1, 3, 'njnjnj', '1112', '', '2023-04-22 08:40:40', '2023-04-22 14:51:37'),
(63, 1, 4, 'dd', NULL, '', '2023-04-25 10:23:45', '2023-04-25 10:23:45'),
(64, 1, 4, 'dd', NULL, '', '2023-04-25 10:24:04', '2023-04-25 10:24:04'),
(65, 1, 4, 'hi', NULL, '', '2023-04-26 08:12:06', '2023-04-26 08:12:06'),
(66, 1, 4, 'hi2', NULL, '', '2023-04-26 08:13:24', '2023-04-26 08:13:24'),
(67, 1, 4, 'hi2', NULL, '', '2023-04-26 08:13:30', '2023-04-26 08:13:30'),
(68, 1, 4, 'hi2', NULL, '', '2023-04-26 08:13:47', '2023-04-26 08:13:47'),
(69, 1, 4, 'hi2', NULL, '', '2023-04-26 08:13:47', '2023-04-26 08:13:47'),
(70, 1, 4, 'hi2', NULL, '', '2023-04-26 08:13:48', '2023-04-26 08:13:48'),
(71, 1, 4, 'h13', NULL, '', '2023-04-26 08:14:48', '2023-04-26 08:14:48'),
(72, 1, 4, 'h13', NULL, '', '2023-04-26 08:14:54', '2023-04-26 08:14:54'),
(73, 1, 4, 'gg', NULL, '', '2023-04-26 08:16:05', '2023-04-26 08:16:05'),
(74, 1, 4, 'hg', NULL, '', '2023-04-26 08:18:07', '2023-04-26 08:18:07'),
(75, 1, 4, 'hg', NULL, '', '2023-04-26 08:18:11', '2023-04-26 08:18:11'),
(76, 1, 4, 'qq', NULL, '', '2023-04-26 08:32:28', '2023-04-26 08:32:28'),
(77, 1, 4, 'qq', NULL, '', '2023-04-26 08:32:29', '2023-04-26 08:32:29'),
(78, 1, 4, 'll', NULL, '', '2023-04-26 08:33:32', '2023-04-26 08:33:32'),
(79, 3, 4, 'n', NULL, '', '2023-04-26 08:37:26', '2023-04-26 08:37:26'),
(80, 3, 4, 'l', NULL, '', '2023-04-26 08:38:34', '2023-04-26 08:38:34'),
(81, 3, 4, 'l', NULL, '', '2023-04-26 08:38:36', '2023-04-26 08:38:36'),
(82, 1, 4, 'e', NULL, '', '2023-04-26 08:45:05', '2023-04-26 08:45:05'),
(83, 1, 4, 'e', NULL, '', '2023-04-26 08:45:11', '2023-04-26 08:45:11'),
(84, 1, 4, 'p', NULL, '', '2023-04-26 08:46:46', '2023-04-26 08:46:46'),
(85, 1, 4, 'p', NULL, '', '2023-04-26 08:46:48', '2023-04-26 08:46:48'),
(86, 1, 4, 'rr', NULL, '', '2023-04-26 08:48:59', '2023-04-26 08:48:59'),
(87, 1, 4, 'rr', NULL, '', '2023-04-26 08:49:02', '2023-04-26 08:49:02'),
(88, 1, 4, 'aa', NULL, '', '2023-04-26 09:03:04', '2023-04-26 09:03:04'),
(89, 1, 1, 'مرحبا', NULL, '', '2023-04-28 13:09:59', '2023-04-28 13:09:59'),
(90, 1, 1, 'كيف الحال', NULL, '', '2023-04-28 13:10:27', '2023-04-28 13:10:27'),
(91, 1, 1, 'ضض', NULL, '', '2023-04-28 13:10:37', '2023-04-28 13:10:37'),
(92, 1, 1, 'ضض', NULL, '', '2023-04-28 13:11:15', '2023-04-28 13:11:15'),
(93, 1, 1, 'ضض', NULL, '', '2023-04-28 13:11:18', '2023-04-28 13:11:18'),
(94, 1, 1, 'www', NULL, '', '2023-04-28 13:12:29', '2023-04-28 13:12:29'),
(95, 1, 4, 'qqq', NULL, '', '2023-04-28 13:12:40', '2023-04-28 13:12:40'),
(96, 1, 1, 'hi', NULL, '', '2023-04-28 13:13:14', '2023-04-28 13:13:14'),
(97, 2, 1, 'hi', NULL, '', '2023-04-28 13:13:41', '2023-04-28 13:13:41'),
(98, 1, 1, 'hi', NULL, '', '2023-04-28 13:18:58', '2023-04-28 13:18:58'),
(99, 1, 2, 'kk', NULL, '', '2023-04-28 13:19:15', '2023-04-28 13:19:15'),
(100, 1, 1, 'aa', NULL, '', '2023-04-28 13:19:27', '2023-04-28 13:19:27'),
(101, 1, 4, 'bb', NULL, '', '2023-04-28 13:19:35', '2023-04-28 13:19:35'),
(102, 1, 1, 'q', NULL, '', '2023-04-28 13:19:59', '2023-04-28 13:19:59'),
(103, 1, 4, 'w', NULL, '', '2023-04-28 13:20:03', '2023-04-28 13:20:03'),
(104, 1, 2, 'e', NULL, '', '2023-04-28 13:20:10', '2023-04-28 13:20:10'),
(105, 3, 2, 'hi', NULL, '', '2023-04-28 13:33:18', '2023-04-28 13:33:18'),
(106, 3, 2, '11', NULL, '', '2023-04-28 13:33:31', '2023-04-28 13:33:31'),
(107, 1, 4, '11', NULL, '', '2023-04-28 13:33:44', '2023-04-28 13:33:44'),
(108, 1, 1, '22', NULL, '', '2023-04-28 13:33:52', '2023-04-28 13:33:52'),
(109, 1, 2, '33', NULL, '', '2023-04-28 13:33:57', '2023-04-28 13:33:57'),
(110, 22, 4, 'مرحبا', NULL, '', '2023-04-28 17:16:49', '2023-04-28 17:16:49'),
(111, 22, 4, 'هذا شات النجارة', NULL, '', '2023-04-28 17:17:05', '2023-04-28 17:17:05'),
(112, 22, 3, 'اهلا', NULL, '', '2023-04-28 17:17:21', '2023-04-28 17:17:21'),
(113, 22, 3, 'تمام', NULL, '', '2023-04-28 17:17:32', '2023-04-28 17:17:32'),
(114, 26, 3, '11', NULL, '', '2023-04-28 18:07:00', '2023-04-28 18:07:00'),
(115, 26, 1, '12', NULL, '', '2023-04-28 18:07:38', '2023-04-28 18:07:38'),
(116, 22, 2, 'hello postman', NULL, '', '2023-04-28 19:02:34', '2023-04-28 19:02:34'),
(117, 22, 2, 'hello postman', NULL, '', '2023-04-28 19:03:39', '2023-04-28 19:03:39'),
(118, 20, 2, 'hello postman', NULL, '', '2023-04-28 19:07:02', '2023-04-28 19:07:02'),
(119, 22, 2, 'hello postman', NULL, '', '2023-04-28 19:07:08', '2023-04-28 19:07:08'),
(120, 22, 2, 'hello postman 2', NULL, NULL, '2023-04-28 19:27:08', '2023-04-28 19:27:08'),
(121, 2, 2, 'hello postman 2', NULL, '45314930816827209491646156119key', '2023-04-28 19:29:09', '2023-04-28 19:29:09'),
(122, 2, 2, 'hello postman 2', NULL, '196947709416827210631764408023key', '2023-04-28 19:31:03', '2023-04-28 19:31:03'),
(123, 22, 2, 'hello postman 3', NULL, '116413657216827211971167760610key', '2023-04-28 19:33:17', '2023-04-28 19:33:17'),
(124, 22, 2, 'hello postman 3', NULL, '65209374116827212571762174766key', '2023-04-28 19:34:17', '2023-04-28 19:34:17'),
(125, 22, 2, 'hello postman 3', NULL, '191265219416827214261455013571key', '2023-04-28 19:37:06', '2023-04-28 19:37:06'),
(126, 22, 2, 'hello postman 3', NULL, '23501387916827215081836627234key', '2023-04-28 19:38:28', '2023-04-28 19:38:28'),
(127, 22, 2, 'hello postman 3', NULL, '117130310116827215541882453956key', '2023-04-28 19:39:14', '2023-04-28 19:39:14'),
(128, 26, 2, 'hello postman 3', NULL, '15390429151682721684146647075key', '2023-04-28 19:41:24', '2023-04-28 19:41:24'),
(129, 22, 3, '11', NULL, '31159858261682721883245512999key', '2023-04-28 19:44:43', '2023-04-28 19:44:43'),
(130, 1, 3, '11', NULL, '353065323216827219151300245629key', '2023-04-28 19:45:15', '2023-04-28 19:45:15'),
(131, 22, 3, '22', NULL, '315365705411682721983804485490key', '2023-04-28 19:46:23', '2023-04-28 19:46:23'),
(132, 1, 3, 'hi', NULL, '3211655734916827220811927421849key', '2023-04-28 19:48:01', '2023-04-28 19:48:01'),
(133, 1, 3, 'hello', NULL, NULL, '2023-04-28 19:49:09', '2023-04-28 19:49:09'),
(134, 1, 3, 'qq', NULL, NULL, '2023-04-28 19:49:38', '2023-04-28 19:49:38'),
(135, 1, 3, 'qqqq', NULL, NULL, '2023-04-28 19:50:08', '2023-04-28 19:50:08'),
(136, 1, 3, 'qqq', NULL, '311792320961682722528105277175key', '2023-04-28 19:55:28', '2023-04-28 19:55:28'),
(137, 1, 3, 'www', NULL, '36987768501682722544454042777key', '2023-04-28 19:55:44', '2023-04-28 19:55:44'),
(138, 22, 3, '888', NULL, '342606163716827227001350987014key', '2023-04-28 19:58:20', '2023-04-28 19:58:20'),
(139, 1, 3, 'مرحبا', NULL, '34440828501682723250995761615key', '2023-04-28 20:07:30', '2023-04-28 20:07:30'),
(140, 1, 3, 'كيف', NULL, '3159076572316827233291393648108key', '2023-04-28 20:08:49', '2023-04-28 20:08:49'),
(141, 1, 3, 'كيف الحال', NULL, '3196134672916827233651435463657key', '2023-04-28 20:09:25', '2023-04-28 20:09:25'),
(142, 1, 3, '123', NULL, '37081942941682723439941217852key', '2023-04-28 20:10:39', '2023-04-28 20:10:39'),
(143, 1, 3, '123', NULL, '35454024951682723554639254364key', '2023-04-28 20:12:34', '2023-04-28 20:12:34'),
(144, 1, 3, 'مرحبا', NULL, '316339690661682724799298025432key', '2023-04-28 20:33:19', '2023-04-28 20:33:19'),
(145, 22, 4, 'lvpfh', NULL, '490694156716828393111365351415key', '2023-04-30 04:21:51', '2023-04-30 04:21:51'),
(146, 22, 1, '11', NULL, '1115765905816828393261519863578key', '2023-04-30 04:22:06', '2023-04-30 04:22:06'),
(147, 22, 4, 'dd', NULL, '41279997621682839379599174925key', '2023-04-30 04:22:59', '2023-04-30 04:22:59'),
(148, 22, 1, 'cc', NULL, '1178479193216828394071773742439key', '2023-04-30 04:23:27', '2023-04-30 04:23:27'),
(149, 22, 4, 'rrr', NULL, '4137383664316828394831156525246key', '2023-04-30 04:24:43', '2023-04-30 04:24:43'),
(150, 1, 4, 'qq', NULL, '4176361539716828395271356679252key', '2023-04-30 04:25:27', '2023-04-30 04:25:27'),
(151, 1, 4, 'ww', NULL, '445329999116828395331972129444key', '2023-04-30 04:25:33', '2023-04-30 04:25:33'),
(152, 1, 4, 'aa', NULL, '4194964848616828395371125677186key', '2023-04-30 04:25:37', '2023-04-30 04:25:37'),
(153, 1, 4, 'qq', NULL, '47052049091682839669355259825key', '2023-04-30 04:27:49', '2023-04-30 04:27:49'),
(154, 1, 4, 'ee', NULL, '48536979161682839679670968856key', '2023-04-30 04:27:59', '2023-04-30 04:27:59'),
(155, 1, 4, 'qq', NULL, '4142153872516828398181210595056key', '2023-04-30 04:30:18', '2023-04-30 04:30:18'),
(156, 22, 4, '22', NULL, '41717396791682839834254570178key', '2023-04-30 04:30:34', '2023-04-30 04:30:34'),
(157, 22, 4, 'ee', NULL, '421262601411682839843814761982key', '2023-04-30 04:30:43', '2023-04-30 04:30:43'),
(158, 22, 1, 'hello postman 3', NULL, '18145368041682840120334013486key', '2023-04-30 04:35:20', '2023-04-30 04:35:20'),
(159, 22, 1, 'hello postman 3', NULL, '42293979416828401741364134931key', '2023-04-30 04:36:15', '2023-04-30 04:36:15'),
(160, 22, 1, 'hello postman 3', NULL, '19992739091682840206105562191key', '2023-04-30 04:36:46', '2023-04-30 04:36:46'),
(161, 22, 1, 'hello postman 3', NULL, '89780101616828402132136733130key', '2023-04-30 04:36:53', '2023-04-30 04:36:53'),
(162, 22, 3, 'hello postman 3', NULL, '75099991516828403691440923236key', '2023-04-30 04:39:29', '2023-04-30 04:39:29'),
(163, 22, 3, 'hello postman 3', NULL, '3053234321682840620410190789key', '2023-04-30 04:43:40', '2023-04-30 04:43:40'),
(164, 22, 3, 'hello postman 4', NULL, '178261602516828406362140476216key', '2023-04-30 04:43:56', '2023-04-30 04:43:56'),
(165, 22, 3, 'hello postman 5', NULL, '80523876816828406511162040881key', '2023-04-30 04:44:11', '2023-04-30 04:44:11'),
(166, 22, 3, 'e', NULL, '4170283812616828406612110469412key', '2023-04-30 04:44:21', '2023-04-30 04:44:21'),
(167, 22, 3, 'hello postman 6', NULL, '191556971516828407801877652411key', '2023-04-30 04:46:20', '2023-04-30 04:46:20'),
(168, 22, 3, '7', NULL, '4191297382516828407871692505030key', '2023-04-30 04:46:27', '2023-04-30 04:46:27'),
(169, 22, 3, 'hello postman 6', NULL, '116484801616828410651644132893key', '2023-04-30 04:51:05', '2023-04-30 04:51:05'),
(170, 22, 3, 'hello postman 6', NULL, '1979737364168284185179158153key', '2023-04-30 05:04:11', '2023-04-30 05:04:11'),
(171, 22, 3, 'hello postman 6', NULL, '2069328121682842465402947539key', '2023-04-30 05:14:25', '2023-04-30 05:14:25'),
(172, 22, 3, 'hello postman 6', NULL, '43570546916828425201520813268key', '2023-04-30 05:15:20', '2023-04-30 05:15:20'),
(173, 22, 3, 'hello postman 6', NULL, '11890495871682842562726208906key', '2023-04-30 05:16:02', '2023-04-30 05:16:02'),
(174, 22, 3, 'hello postman 6', NULL, '13556797211682842971134537179key', '2023-04-30 05:22:51', '2023-04-30 05:22:51'),
(175, 22, 3, 'hello postman 6', NULL, '96617968516828429741488681632key', '2023-04-30 05:22:54', '2023-04-30 05:22:54'),
(176, 23, 3, 'hello postman 6', NULL, '82424368116828430131317201212key', '2023-04-30 05:23:33', '2023-04-30 05:23:33'),
(177, 2, 3, 'hello postman 6', NULL, '2040202361682843019567722982key', '2023-04-30 05:23:39', '2023-04-30 05:23:39'),
(178, 4, 3, 'hello postman 6', NULL, '193570405616828448181254344453key', '2023-04-30 05:53:39', '2023-04-30 05:53:39'),
(179, 15, 3, 'hello postman 6', NULL, '7904534981682844967458800991key', '2023-04-30 05:56:07', '2023-04-30 05:56:07'),
(180, 15, 3, 'hello postman 6', NULL, '116193552116828451891171356071key', '2023-04-30 05:59:49', '2023-04-30 05:59:49'),
(181, 15, 3, 'hello postman 7', NULL, '7480560316828451942075336318key', '2023-04-30 05:59:54', '2023-04-30 05:59:54'),
(182, 15, 3, 'hello postman 8', NULL, '154992485616828453311932006239key', '2023-04-30 06:02:11', '2023-04-30 06:02:11'),
(183, 15, 3, 'hello postman 8', NULL, '10179199671682845335767221764key', '2023-04-30 06:02:15', '2023-04-30 06:02:15'),
(184, 1, 3, 'hi', NULL, '416901831511682846208257455664key', '2023-04-30 06:16:48', '2023-04-30 06:16:48'),
(185, 1, 3, 'hello', NULL, '414122631511682846238259606356key', '2023-04-30 06:17:18', '2023-04-30 06:17:18'),
(186, 1, 4, 'qq', NULL, '4156919599416828462921533760306key', '2023-04-30 06:18:12', '2023-04-30 06:18:12'),
(187, 1, 1, 'www', NULL, '133395685116828463011179788840key', '2023-04-30 06:18:21', '2023-04-30 06:18:21'),
(188, 1, 2, 'eee', NULL, '265374631716828463152129337973key', '2023-04-30 06:18:35', '2023-04-30 06:18:35'),
(189, 1, 3, 'rrr', NULL, '321559673416828463231439543306key', '2023-04-30 06:18:43', '2023-04-30 06:18:43'),
(190, 22, 1, 'qq', NULL, '1157942265116828463531812032058key', '2023-04-30 06:19:13', '2023-04-30 06:19:13'),
(191, 22, 1, 'dcasfdsfcsa', NULL, '172666918216828463611600624195key', '2023-04-30 06:19:21', '2023-04-30 06:19:21'),
(192, 1, 2, '00', NULL, '2131236641616828464381750261990key', '2023-04-30 06:20:38', '2023-04-30 06:20:38'),
(193, 1, 4, '111', NULL, '441047738916829634511013578531key', '2023-05-01 14:50:51', '2023-05-01 14:50:51'),
(194, 1, 4, '111', NULL, '4176505390716829634682016225144key', '2023-05-01 14:51:08', '2023-05-01 14:51:08'),
(195, 1, 4, 'qq', NULL, '41287557207168296348689054582key', '2023-05-01 14:51:26', '2023-05-01 14:51:26'),
(196, 1, 1, '00', NULL, '1146810242316829635392073257233key', '2023-05-01 14:52:19', '2023-05-01 14:52:19'),
(197, 2, 1, '22', NULL, '18688112781682963566452156961key', '2023-05-01 14:52:46', '2023-05-01 14:52:46'),
(198, 2, 4, 'ewrwer', NULL, '417437189841682963624131909986key', '2023-05-01 14:53:44', '2023-05-01 14:53:44'),
(199, 1, 1, 'rr', NULL, '1140943287016829653221890935269key', '2023-05-01 15:22:02', '2023-05-01 15:22:02'),
(200, 1, 1, 'rr', NULL, '1185124269916829653251004981900key', '2023-05-01 15:22:05', '2023-05-01 15:22:05'),
(201, 22, 1, 'اليوم', NULL, '124499151316837011071729061104key', '2023-05-10 03:45:07', '2023-05-10 03:45:07'),
(202, 22, 1, 'بب', NULL, '1202962582316837012121460875212key', '2023-05-10 03:46:52', '2023-05-10 03:46:52'),
(203, 22, 1, '222', NULL, '135216339616837012182116481746key', '2023-05-10 03:46:58', '2023-05-10 03:46:58'),
(204, 41, 2, 'مرحبا شباب', NULL, NULL, '2023-05-16 18:00:56', '2023-05-16 18:00:56'),
(205, 41, 2, 'مرحبا شباب', NULL, NULL, '2023-05-21 08:20:56', '2023-05-21 08:20:56'),
(206, 41, 2, 'مرحبا شباب', NULL, NULL, '2023-05-21 08:21:50', '2023-05-21 08:21:50'),
(207, 41, 2, 'مرحبا شباب', NULL, NULL, '2023-05-21 08:22:29', '2023-05-21 08:22:29'),
(208, 41, 2, 'مرحبا شباب', NULL, NULL, '2023-05-21 08:22:40', '2023-05-21 08:22:40'),
(209, 41, 2, 'مرحبا شباب', NULL, NULL, '2023-05-21 08:31:50', '2023-05-21 08:31:50'),
(210, 41, 2, 'مرحبا شباب', NULL, NULL, '2023-05-21 08:46:33', '2023-05-21 08:46:33'),
(211, 41, 2, 'مرحبا شباب', NULL, NULL, '2023-05-21 08:47:16', '2023-05-21 08:47:16'),
(212, 41, 2, 'مرحبا شباب', NULL, NULL, '2023-05-21 08:47:22', '2023-05-21 08:47:22'),
(213, 41, 2, 'مرحبا شباب', NULL, NULL, '2023-05-21 08:47:28', '2023-05-21 08:47:28'),
(214, 1, 2, 'مرحبا شباب', NULL, NULL, '2023-05-21 08:53:52', '2023-05-21 08:53:52'),
(215, 1, 2, 'كيف الحال', NULL, NULL, '2023-05-21 08:54:20', '2023-05-21 08:54:20'),
(216, 2, 2, 'كيف الحال', NULL, NULL, '2023-05-21 08:54:47', '2023-05-21 08:54:47'),
(217, 2, 2, '2492611301684670991_message_123.png', NULL, NULL, '2023-05-21 09:09:51', '2023-05-21 09:09:51'),
(218, 2, 2, '18278365301684671773_message_123.png', NULL, NULL, '2023-05-21 09:22:53', '2023-05-21 09:22:53'),
(223, 45, 3, 'مرحبا احتاج مساعدة', NULL, NULL, '2023-05-28 12:46:46', '2023-05-28 12:46:46'),
(224, 45, 3, '5743135891685288831_message_123.png', NULL, NULL, '2023-05-28 12:47:11', '2023-05-28 12:47:11'),
(225, 45, 3, '9830490211685288902_message_123.png', NULL, NULL, '2023-05-28 12:48:22', '2023-05-28 12:48:22'),
(226, 45, 2, 'ما نوع المساعدة التى تحتاجين ؟', NULL, '2105537053016852921981629891133key', '2023-05-28 13:43:18', '2023-05-28 13:43:18'),
(227, 45, 1, 'ما هي المساعدة', NULL, '1178066500516852922511967505613key', '2023-05-28 13:44:11', '2023-05-28 13:44:11'),
(228, 45, 3, 'نتتتات', NULL, '3121281700416852924821108147716key', '2023-05-28 13:48:02', '2023-05-28 13:48:02'),
(229, 45, 3, 'ىتى', NULL, '37647239121685292485578759783key', '2023-05-28 13:48:05', '2023-05-28 13:48:05'),
(230, 46, 2, 'صثقبثصقفب', NULL, '265778125816852926231366855668key', '2023-05-28 13:50:23', '2023-05-28 13:50:23'),
(231, 46, 2, 'صبلثقل', NULL, '2180175724016852926272101576589key', '2023-05-28 13:50:27', '2023-05-28 13:50:27'),
(232, 45, 2, 'يلاا', NULL, '210443416481685292648388019675key', '2023-05-28 13:50:48', '2023-05-28 13:50:48'),
(233, 45, 3, 'بششيسؤبل', NULL, '3108961047616852926741749470058key', '2023-05-28 13:51:14', '2023-05-28 13:51:14'),
(234, 46, 4, 'ثبصثقبلفثب', NULL, '418360068741685292695174712929key', '2023-05-28 13:51:35', '2023-05-28 13:51:35'),
(235, 46, 4, 'مرحبا انا اسامة', NULL, '42691200841685292702176922497key', '2023-05-28 13:51:42', '2023-05-28 13:51:42'),
(236, 41, 1, 'igh', NULL, '1137671902916855248491948422980key', '2023-05-31 06:20:49', '2023-05-31 06:20:49');

-- --------------------------------------------------------

--
-- Table structure for table `chat_message_texts`
--

CREATE TABLE `chat_message_texts` (
  `id` bigint(20) NOT NULL,
  `sender_id` bigint(20) UNSIGNED NOT NULL,
  `receiver_id` bigint(20) UNSIGNED NOT NULL,
  `message` text COLLATE utf8mb4_unicode_ci NOT NULL,
  `notic` text COLLATE utf8mb4_unicode_ci DEFAULT NULL,
  `chat_name` varchar(191) COLLATE utf8mb4_unicode_ci NOT NULL,
  `created_at` timestamp NULL DEFAULT NULL,
  `updated_at` timestamp NULL DEFAULT NULL
) ENGINE=InnoDB DEFAULT CHARSET=utf8mb4 COLLATE=utf8mb4_unicode_ci;

--
-- Dumping data for table `chat_message_texts`
--

INSERT INTO `chat_message_texts` (`id`, `sender_id`, `receiver_id`, `message`, `notic`, `chat_name`, `created_at`, `updated_at`) VALUES
(1, 1, 2, 'مرحبا', 'ببب', '1-2', NULL, NULL),
(2, 2, 1, 'مرحبا', 'wdewfdewf', '2-1', '2023-03-27 18:59:27', '2023-03-29 10:38:58'),
(3, 1, 2, 'hello ', 'ewqrqwr', '1-2', '2023-03-27 18:59:27', '2023-03-29 10:39:06'),
(4, 1, 2, 'how are you', 'wwww', '1-2', '2023-03-27 18:59:27', '2023-03-29 10:39:02'),
(5, 2, 1, 'hello iam fine', 'wdewfdewf', '2-1', '2023-03-27 18:59:27', '2023-03-29 10:38:58'),
(6, 1, 2, 'مرحبا', 'ببب', '1-2', NULL, NULL);

-- --------------------------------------------------------

--
-- Table structure for table `chat_privet_rooms`
--

CREATE TABLE `chat_privet_rooms` (
  `id` bigint(20) NOT NULL,
  `name` varchar(191) NOT NULL,
  `first_user_id` int(15) NOT NULL,
  `second_user_id` int(15) NOT NULL,
  `created_at` int(11) DEFAULT NULL,
  `updated_at` int(11) DEFAULT NULL
) ENGINE=InnoDB DEFAULT CHARSET=utf8mb4;

--
-- Dumping data for table `chat_privet_rooms`
--

INSERT INTO `chat_privet_rooms` (`id`, `name`, `first_user_id`, `second_user_id`, `created_at`, `updated_at`) VALUES
(1, 'tarek-mohammed', 1, 2, NULL, NULL);

-- --------------------------------------------------------

--
-- Table structure for table `chat_rooms`
--

CREATE TABLE `chat_rooms` (
  `id` bigint(20) UNSIGNED NOT NULL,
  `name` varchar(255) COLLATE utf8mb4_unicode_ci NOT NULL,
  `type` varchar(50) COLLATE utf8mb4_unicode_ci NOT NULL DEFAULT 'privet',
  `user1` int(20) DEFAULT NULL,
  `user2` int(20) DEFAULT NULL,
  `privet_key` varchar(100) COLLATE utf8mb4_unicode_ci DEFAULT NULL,
  `created_at` timestamp NULL DEFAULT NULL,
  `updated_at` timestamp NULL DEFAULT NULL
) ENGINE=InnoDB DEFAULT CHARSET=utf8mb4 COLLATE=utf8mb4_unicode_ci;

--
-- Dumping data for table `chat_rooms`
--

INSERT INTO `chat_rooms` (`id`, `name`, `type`, `user1`, `user2`, `privet_key`, `created_at`, `updated_at`) VALUES
(1, 'General', 'public', NULL, NULL, '', NULL, NULL),
(2, 'Tech Talk', 'public', NULL, NULL, '', NULL, NULL),
(3, 'tarek-mohammed', 'privet', 1, 2, '', NULL, NULL),
(4, 'mohammed-osama', 'privet', 2, 4, '', NULL, NULL),
(22, 'نجارة', 'group', NULL, NULL, '5247890271682709264key', '2023-04-28 16:14:24', '2023-04-28 16:14:24'),
(31, 'حدادة', 'group', NULL, NULL, '19948133561682966586key', '2023-05-01 15:43:06', '2023-05-01 15:43:06'),
(41, 'website', 'group', NULL, NULL, NULL, '2023-05-16 15:57:59', '2023-05-16 15:57:59'),
(45, 'Technical Support', 'technical support', 3, NULL, NULL, '2023-05-28 12:43:40', '2023-05-28 12:43:40'),
(46, 'Technical Support', 'technical support', 4, NULL, NULL, '2023-05-28 13:49:55', '2023-05-28 13:49:55'),
(50, 'New Room', 'privet', 2, 3, NULL, '2023-05-31 15:44:49', '2023-05-31 15:44:49'),
(51, 'New Room', 'privet', 2, 5, NULL, '2023-05-31 15:44:53', '2023-05-31 15:44:53'),
(52, 'New Room', 'privet', 2, 10, NULL, '2023-05-31 17:52:22', '2023-05-31 17:52:22'),
(55, 'Technical Support', 'technical support', 2, NULL, NULL, '2023-05-31 18:05:57', '2023-05-31 18:05:57'),
(56, 'work', 'group', 2, NULL, NULL, '2023-05-31 18:22:45', '2023-05-31 18:22:45');

-- --------------------------------------------------------

--
-- Table structure for table `failed_jobs`
--

CREATE TABLE `failed_jobs` (
  `id` bigint(20) UNSIGNED NOT NULL,
  `uuid` varchar(255) COLLATE utf8mb4_unicode_ci NOT NULL,
  `connection` text COLLATE utf8mb4_unicode_ci NOT NULL,
  `queue` text COLLATE utf8mb4_unicode_ci NOT NULL,
  `payload` longtext COLLATE utf8mb4_unicode_ci NOT NULL,
  `exception` longtext COLLATE utf8mb4_unicode_ci NOT NULL,
  `failed_at` timestamp NOT NULL DEFAULT current_timestamp()
) ENGINE=InnoDB DEFAULT CHARSET=utf8mb4 COLLATE=utf8mb4_unicode_ci;

-- --------------------------------------------------------

--
-- Table structure for table `freelancers`
--

CREATE TABLE `freelancers` (
  `id` bigint(20) NOT NULL,
  `user_id` bigint(20) NOT NULL,
  `status` varchar(191) NOT NULL DEFAULT 'unactive',
  `address` varchar(191) NOT NULL,
  `created_at` timestamp NULL DEFAULT NULL,
  `updated_at` timestamp NULL DEFAULT NULL
) ENGINE=InnoDB DEFAULT CHARSET=utf8mb4;

--
-- Dumping data for table `freelancers`
--

INSERT INTO `freelancers` (`id`, `user_id`, `status`, `address`, `created_at`, `updated_at`) VALUES
(36, 9, 'unactive', 'gaza-gaza', '2023-05-14 09:28:23', '2023-05-14 09:28:23'),
(38, 10, 'unactive', 'gaza-gaza', '2023-05-14 10:04:40', '2023-05-14 10:04:40'),
(39, 8, 'unactive', 'ewqwe', '2023-05-14 10:12:35', '2023-05-14 10:12:35'),
(40, 20, 'unactive', 'gaza-gaza', '2023-06-03 12:40:14', '2023-06-03 12:40:14'),
(41, 21, 'unactive', 'gaza-gaza', '2023-06-03 12:43:11', '2023-06-03 12:43:11');

-- --------------------------------------------------------

--
-- Table structure for table `freelancer_ids`
--

CREATE TABLE `freelancer_ids` (
  `id` bigint(20) NOT NULL,
  `user_id` bigint(20) NOT NULL,
  `image` varchar(255) NOT NULL,
  `created_at` timestamp NULL DEFAULT NULL,
  `updated_at` timestamp NULL DEFAULT NULL
) ENGINE=InnoDB DEFAULT CHARSET=utf8mb4;

--
-- Dumping data for table `freelancer_ids`
--

INSERT INTO `freelancer_ids` (`id`, `user_id`, `image`, `created_at`, `updated_at`) VALUES
(6, 8, '5411170061684069955_2_195537-768x535.jpg', '2023-05-14 10:12:35', '2023-05-14 10:12:35');

-- --------------------------------------------------------

--
-- Table structure for table `freelancer_services`
--

CREATE TABLE `freelancer_services` (
  `id` bigint(20) NOT NULL,
  `user_id` bigint(20) NOT NULL,
  `category_id` int(20) NOT NULL,
  `created_at` timestamp NULL DEFAULT NULL,
  `updated_at` timestamp NULL DEFAULT NULL
) ENGINE=InnoDB DEFAULT CHARSET=utf8mb4;

--
-- Dumping data for table `freelancer_services`
--

INSERT INTO `freelancer_services` (`id`, `user_id`, `category_id`, `created_at`, `updated_at`) VALUES
(15, 9, 1, '2023-05-14 09:28:23', '2023-05-14 09:28:23'),
(16, 9, 2, '2023-05-14 09:28:23', '2023-05-14 09:28:23'),
(17, 9, 3, '2023-05-14 09:28:23', '2023-05-14 09:28:23'),
(21, 10, 1, '2023-05-14 10:04:40', '2023-05-14 10:04:40'),
(22, 10, 2, '2023-05-14 10:04:40', '2023-05-14 10:04:40'),
(23, 10, 3, '2023-05-14 10:04:40', '2023-05-14 10:04:40'),
(24, 8, 2, '2023-05-14 10:12:35', '2023-05-14 10:12:35'),
(25, 3, 2, '2023-05-14 10:12:35', '2023-05-14 10:12:35'),
(26, 3, 1, '2023-05-14 10:12:35', '2023-05-14 10:12:35'),
(27, 20, 1, '2023-06-03 12:40:14', '2023-06-03 12:40:14'),
(28, 20, 2, '2023-06-03 12:40:14', '2023-06-03 12:40:14'),
(29, 20, 3, '2023-06-03 12:40:14', '2023-06-03 12:40:14'),
(30, 21, 1, '2023-06-03 12:43:11', '2023-06-03 12:43:11'),
(31, 21, 2, '2023-06-03 12:43:11', '2023-06-03 12:43:11'),
(32, 21, 3, '2023-06-03 12:43:11', '2023-06-03 12:43:11');

-- --------------------------------------------------------

--
-- Table structure for table `galleries`
--

CREATE TABLE `galleries` (
  `id` bigint(20) UNSIGNED NOT NULL,
  `user_id` bigint(20) UNSIGNED NOT NULL,
  `title_en` varchar(191) COLLATE utf8mb4_unicode_ci NOT NULL,
  `title_ar` varchar(191) COLLATE utf8mb4_unicode_ci NOT NULL,
  `description_en` text COLLATE utf8mb4_unicode_ci NOT NULL,
  `description_ar` text COLLATE utf8mb4_unicode_ci NOT NULL,
  `minimized_picture` varchar(255) COLLATE utf8mb4_unicode_ci DEFAULT NULL,
  `created_at` timestamp NULL DEFAULT NULL,
  `updated_at` timestamp NULL DEFAULT NULL
) ENGINE=InnoDB DEFAULT CHARSET=utf8mb4 COLLATE=utf8mb4_unicode_ci;

--
-- Dumping data for table `galleries`
--

INSERT INTO `galleries` (`id`, `user_id`, `title_en`, `title_ar`, `description_en`, `description_ar`, `minimized_picture`, `created_at`, `updated_at`) VALUES
(1, 1, 'web1', 'ويب1', 'wedsite', 'موقع ويب', NULL, NULL, NULL),
(2, 2, 'door', 'باب', 'door', 'باب', 'C:\\xampp\\tmp\\phpF3EB.tmp', '2023-05-16 06:58:17', '2023-05-16 06:58:17'),
(3, 2, 'door', 'باب', 'door', 'باب', 'C:\\xampp\\tmp\\php3630.tmp', '2023-05-16 06:59:39', '2023-05-16 06:59:39'),
(4, 2, 'door', 'باب', 'door', 'باب', NULL, '2023-05-16 07:01:15', '2023-05-16 07:01:15'),
(5, 2, 'door', 'باب', 'door', 'باب', NULL, '2023-05-16 07:02:24', '2023-05-16 07:02:24'),
(6, 2, 'door', 'باب', 'door', 'باب', '21273649101684231375_minimized_picture_robot1.jpg', '2023-05-16 07:02:55', '2023-05-16 07:02:55'),
(7, 2, 'door2222', 'باب22222', 'door22', 'باب222', '12692995871684231479_minimized_picture_airpod.png', '2023-05-16 07:04:39', '2023-05-16 07:04:39'),
(9, 2, 'door2222', 'باب22222', 'door22', 'باب222', '16811755211684233449_minimized_picture_Flag_of_Palestine.png', '2023-05-16 07:33:28', '2023-05-16 07:37:29'),
(11, 2, 'door2222', 'باب22222', 'door22', 'باب222', NULL, '2023-05-16 08:22:40', '2023-05-16 08:22:40'),
(12, 2, 'door2222', 'باب22222', 'door22', 'باب222', NULL, '2023-05-16 08:23:32', '2023-05-16 08:23:32'),
(13, 2, 'door2222', 'باب22222', 'door22', 'باب222', '7460220561684242158_minimized_picture_Flag_of_Palestine.png', '2023-05-16 09:17:05', '2023-05-16 10:02:38'),
(17, 3, 'door2222', 'باب22222', 'door22', 'باب222', NULL, '2023-06-03 13:44:38', '2023-06-03 13:44:38');

-- --------------------------------------------------------

--
-- Table structure for table `gallery_images`
--

CREATE TABLE `gallery_images` (
  `id` bigint(20) UNSIGNED NOT NULL,
  `gallery_id` bigint(20) UNSIGNED NOT NULL,
  `image` varchar(255) COLLATE utf8mb4_unicode_ci NOT NULL,
  `created_at` timestamp NULL DEFAULT NULL,
  `updated_at` timestamp NULL DEFAULT NULL
) ENGINE=InnoDB DEFAULT CHARSET=utf8mb4 COLLATE=utf8mb4_unicode_ci;

--
-- Dumping data for table `gallery_images`
--

INSERT INTO `gallery_images` (`id`, `gallery_id`, `image`, `created_at`, `updated_at`) VALUES
(1, 6, '15154337331684235663_2_195537-768x535.jpg', '2023-05-16 08:14:23', '2023-05-16 08:14:23'),
(2, 5, '14709295011684235663_airpod.png', '2023-05-16 08:14:23', '2023-05-16 08:14:23'),
(5, 14, '4027326131684249502_2_195537-768x535.jpg', '2023-05-16 12:05:02', '2023-05-16 12:05:02'),
(6, 14, '15947463001684249502_airpod.png', '2023-05-16 12:05:02', '2023-05-16 12:05:02');

-- --------------------------------------------------------

--
-- Table structure for table `group_chats`
--

CREATE TABLE `group_chats` (
  `id` bigint(20) UNSIGNED NOT NULL,
  `user_id` bigint(20) UNSIGNED NOT NULL,
  `message` text COLLATE utf8mb4_unicode_ci NOT NULL,
  `notic` text COLLATE utf8mb4_unicode_ci DEFAULT NULL,
  `created_at` timestamp NULL DEFAULT NULL,
  `updated_at` timestamp NULL DEFAULT NULL
) ENGINE=InnoDB DEFAULT CHARSET=utf8mb4 COLLATE=utf8mb4_unicode_ci;

--
-- Dumping data for table `group_chats`
--

INSERT INTO `group_chats` (`id`, `user_id`, `message`, `notic`, `created_at`, `updated_at`) VALUES
(1, 1, 'welcome everybody\r\nThis chat is open to everyone\r\nFor inquiries, requests and discussion', NULL, NULL, NULL),
(2, 2, 'مرحبا انا محتاج شخص يعملي موقع الكتروني', NULL, NULL, NULL),
(3, 3, 'مرحبا اخي معك اسامة مهندس برمجيات باماكني تصميم موقع الكتروني لك حسب الطلب', '111', NULL, '2023-03-29 11:03:12'),
(4, 3, 'بامكانك تدخل صفحتي الخاصة وتطلع على اعمالي السابقة', 'dwdw', NULL, '2023-03-29 10:56:53'),
(5, 2, 'مرحبا بشمهندس اسامة انا بعتلك ع الخاص\r\n', 'dsadsd', NULL, '2023-03-29 10:56:07'),
(6, 3, 'تمام استاذ محمد راح اتواصل معاك', 'wwww', NULL, '2023-03-29 10:56:01');

-- --------------------------------------------------------

--
-- Table structure for table `jobs`
--

CREATE TABLE `jobs` (
  `id` bigint(20) UNSIGNED NOT NULL,
  `user_id` bigint(20) UNSIGNED NOT NULL,
  `category_id` bigint(20) UNSIGNED NOT NULL,
  `title_en` varchar(191) COLLATE utf8mb4_unicode_ci NOT NULL,
  `title_ar` varchar(191) COLLATE utf8mb4_unicode_ci NOT NULL,
  `description_en` text COLLATE utf8mb4_unicode_ci DEFAULT NULL,
  `description_ar` text COLLATE utf8mb4_unicode_ci DEFAULT NULL,
  `price_min` int(11) NOT NULL,
  `price_max` int(11) NOT NULL,
  `delivery_time` date NOT NULL,
  `status` int(10) NOT NULL DEFAULT 0 COMMENT '(0 open    مفتوح)\r\n(1 close   مغلق )\r\n',
  `notic` varchar(191) COLLATE utf8mb4_unicode_ci DEFAULT NULL,
  `created_at` timestamp NULL DEFAULT NULL,
  `updated_at` timestamp NULL DEFAULT NULL
) ENGINE=InnoDB DEFAULT CHARSET=utf8mb4 COLLATE=utf8mb4_unicode_ci;

--
-- Dumping data for table `jobs`
--

INSERT INTO `jobs` (`id`, `user_id`, `category_id`, `title_en`, `title_ar`, `description_en`, `description_ar`, `price_min`, `price_max`, `delivery_time`, `status`, `notic`, `created_at`, `updated_at`) VALUES
(1, 1, 2, 'pin2223', 'pin22223', 'i need table', 'اريد طاولة', 100, 150, '2023-06-26', 0, 'اريد الوان باردة', '2023-03-23 20:32:58', '2023-06-03 07:12:00'),
(3, 2, 5, '865', '469', 'Est illo laborum dol', 'Id sit ea aspernatu', 254, 540, '1980-02-09', 1, '', '2023-03-26 07:10:32', '2023-03-26 07:10:32'),
(4, 2, 1, '2', '78', 'Enim porro eu nostru', 'Aliqua Aut in quis', 874, 145, '2022-08-25', 1, '', '2023-03-26 07:11:04', '2023-03-26 07:11:04'),
(5, 2, 1, '740', '928', 'Voluptatum provident', 'A quas debitis adipi', 826, 558, '2023-05-01', 1, '', '2023-03-26 07:29:13', '2023-03-26 07:29:13'),
(6, 2, 3, '273', '889', 'Rerum perspiciatis', 'Ipsam et sit dolore', 307, 653, '2015-11-07', 1, '', '2023-03-26 07:29:20', '2023-03-26 07:29:20'),
(7, 2, 1, '932', '976', 'Ex et consequatur di', 'Voluptatem Sint ir', 89, 907, '1990-08-13', 0, 'يحتاج المزيد من التفاصيل', '2023-03-26 08:11:10', '2023-03-26 08:11:10'),
(8, 2, 5, '224', '871', 'Illum qui eveniet', 'Earum sint ad autem', 402, 76, '1975-09-23', 0, 'تمت مراجعته', '2023-03-26 08:11:30', '2023-03-26 08:11:30'),
(9, 2, 1, '998', '333', 'Quis sint alias dolo', 'Odio fugit ut dolor', 352, 235, '2003-09-01', 0, 'Animi harum possimu', '2023-03-26 08:33:40', '2023-03-26 08:33:40'),
(11, 2, 5, '666', '477', 'Doloribus qui impedi', 'Vitae velit ut dolor', 451, 255, '1975-04-01', 0, NULL, '2023-03-26 08:36:16', '2023-03-26 08:36:16'),
(12, 12, 2, '185', '395', 'Quibusdam quas id si', 'Odio ipsum illo ea', 413, 205, '2014-09-13', 0, '0', '2023-03-26 08:36:24', '2023-03-28 12:59:23'),
(13, 2, 2, '920', '954', 'Dignissimos dolor qu', 'Illo officiis recusa', 45, 251, '2004-02-05', 0, 'تحتاج مراجعة سوبر ادمن', '2023-03-26 08:40:29', '2023-03-26 08:40:29'),
(14, 2, 2, '762', '635', 'Nihil qui itaque rei', 'Corporis reprehender', 611, 923, '2015-04-03', 1, '1', '2023-03-27 16:08:39', '2023-03-28 12:53:06'),
(15, 15, 8, '261', '106', 'Et et enim est ducim', 'Et dolor unde commod', 216, 284, '1981-06-25', 1, '1', '2023-03-27 16:20:41', '2023-03-28 13:00:47'),
(16, 16, 2, 'Nam voluptatem ut ut', 'Perferendis praesent', 'Dolor iusto et quaer', 'Velit consequat Vol', 683, 879, '1981-02-05', 0, '0', '2023-03-27 16:25:51', '2023-03-28 13:01:33'),
(17, 17, 1, '142', '885', 'Nulla provident mod', 'Ut sed ea ea officii', 493, 438, '1995-03-08', 0, '0', '2023-03-28 14:13:15', '2023-03-28 14:13:32'),
(18, 3, 3, '937', '907', 'Elit quis beatae qu', 'Labore aut vitae vol', 250, 474, '1986-01-24', 0, 'www', '2023-03-28 14:14:08', '2023-03-29 09:40:03'),
(20, 3, 2, 'wwwwwwww', 'صصص', 'Officia voluptas qui', 'Quis dolores quam ad', 2, 3, '2008-12-30', 0, 'Ipsum dolore et omni', '2023-03-29 09:40:31', '2023-03-29 09:46:44'),
(21, 1, 8, '340', '366', 'Quia porro nemo volu', 'Eum ex ea incidunt', 171, 944, '1981-06-08', 1, 'Cumque occaecat non', '2023-03-29 09:47:36', '2023-03-29 09:47:44'),
(25, 1, 2, 'table', 'طاولة', 'i need table', 'اريد طاولة', 100, 150, '2023-06-26', 0, 'اريد الوان باردة', '2023-05-11 08:29:10', '2023-05-11 08:29:10'),
(28, 1, 2, 'table', 'طاولة', 'i need table', 'اريد طاولة', 100, 150, '2023-06-26', 0, 'اريد الوان باردة', '2023-05-15 14:19:53', '2023-05-15 14:19:53'),
(29, 1, 2, 'table', 'طاولة', 'i need table', 'اريد طاولة', 100, 150, '2023-06-26', 0, 'اريد الوان باردة', '2023-05-15 14:20:39', '2023-05-15 14:20:39'),
(30, 1, 2, 'table', 'طاولة', 'i need table', 'اريد طاولة', 100, 150, '2023-06-26', 0, 'اريد الوان باردة', '2023-05-15 14:22:05', '2023-05-15 14:22:05'),
(31, 1, 2, 'table', 'طاولة', 'i need table', 'اريد طاولة', 100, 150, '2023-06-26', 0, 'اريد الوان باردة', '2023-05-15 14:33:58', '2023-05-15 14:33:58'),
(35, 1, 2, 'pin', 'pin', 'i need table', 'اريد طاولة', 100, 150, '2023-06-26', 0, 'اريد الوان باردة', '2023-06-03 08:15:56', '2023-06-03 08:15:56'),
(36, 1, 2, 'pin', 'pin', 'i need table', 'اريد طاولة', 100, 150, '2023-06-26', 0, 'اريد الوان باردة', '2023-06-03 08:16:12', '2023-06-03 08:16:12'),
(37, 2, 2, 'pin', 'pin', 'i need table', 'اريد طاولة', 100, 150, '2023-06-26', 0, 'اريد الوان باردة', '2023-06-03 08:43:40', '2023-06-03 08:43:40'),
(38, 2, 2, 'pin', 'pin', 'i need table', 'اريد طاولة', 100, 150, '2023-06-26', 0, 'اريد الوان باردة', '2023-06-03 08:45:01', '2023-06-03 08:45:01'),
(39, 2, 2, 'pin', 'pin', 'i need table', 'اريد طاولة', 100, 150, '2023-06-26', 0, 'اريد الوان باردة', '2023-06-03 08:45:24', '2023-06-03 08:45:24');

-- --------------------------------------------------------

--
-- Table structure for table `job_files`
--

CREATE TABLE `job_files` (
  `id` bigint(20) UNSIGNED NOT NULL,
  `file_name` varchar(255) COLLATE utf8mb4_unicode_ci NOT NULL,
  `job_id` int(11) NOT NULL,
  `created_at` timestamp NULL DEFAULT NULL,
  `updated_at` timestamp NULL DEFAULT NULL
) ENGINE=InnoDB DEFAULT CHARSET=utf8mb4 COLLATE=utf8mb4_unicode_ci;

--
-- Dumping data for table `job_files`
--

INSERT INTO `job_files` (`id`, `file_name`, `job_id`, `created_at`, `updated_at`) VALUES
(10, '8935866691679825432_960x0.jpg', 1, '2023-03-26 07:10:32', '2023-03-26 07:10:32'),
(12, '3699688391679944382_960x0.jpg', 2, '2023-03-27 16:13:02', '2023-03-27 16:13:02'),
(13, '18219240651680023595_camera.png', 3, '2023-03-28 14:13:15', '2023-03-28 14:13:15'),
(15, '14570661961680094004_143-102011-best-german-luxury-8.jpeg', 1, '2023-03-29 09:46:44', '2023-03-29 09:46:44'),
(16, '6476135691680094023_600.jpg', 1, '2023-03-29 09:47:03', '2023-03-29 09:47:03'),
(17, '6974754761680094023_800px_COLOURBOX5559842.jpg', 1, '2023-03-29 09:47:03', '2023-03-29 09:47:03'),
(18, '2957227381680094023_960x0.jpg', 1, '2023-03-29 09:47:03', '2023-03-29 09:47:03'),
(66, '3162838591685792620_123.png', 37, '2023-06-03 08:43:40', '2023-06-03 08:43:40'),
(67, '38-10671020011685792701_123.png', 38, '2023-06-03 08:45:01', '2023-06-03 08:45:01'),
(68, '39-14260433441685792724_firstPageImage.png', 39, '2023-06-03 08:45:24', '2023-06-03 08:45:24'),
(69, '39-14177637821685792725_firstPageImage.png', 39, '2023-06-03 08:45:25', '2023-06-03 08:45:25'),
(70, '1-1300526951685793074_airpod.png', 1, '2023-06-03 08:51:14', '2023-06-03 08:51:14'),
(71, '1-2925462051685793075_camera.png', 1, '2023-06-03 08:51:15', '2023-06-03 08:51:15');

-- --------------------------------------------------------

--
-- Table structure for table `job_notifications`
--

CREATE TABLE `job_notifications` (
  `notification_id` bigint(20) UNSIGNED NOT NULL,
  `job_id` bigint(20) UNSIGNED NOT NULL,
  `user_id` bigint(20) UNSIGNED NOT NULL,
  `message_en` text COLLATE utf8mb4_unicode_ci NOT NULL,
  `message_ar` text COLLATE utf8mb4_unicode_ci NOT NULL,
  `created_at` timestamp NULL DEFAULT NULL,
  `updated_at` timestamp NULL DEFAULT NULL
) ENGINE=InnoDB DEFAULT CHARSET=utf8mb4 COLLATE=utf8mb4_unicode_ci;

-- --------------------------------------------------------

--
-- Table structure for table `migrations`
--

CREATE TABLE `migrations` (
  `id` int(10) UNSIGNED NOT NULL,
  `migration` varchar(255) COLLATE utf8mb4_unicode_ci NOT NULL,
  `batch` int(11) NOT NULL
) ENGINE=InnoDB DEFAULT CHARSET=utf8mb4 COLLATE=utf8mb4_unicode_ci;

--
-- Dumping data for table `migrations`
--

INSERT INTO `migrations` (`id`, `migration`, `batch`) VALUES
(1, '2014_10_12_000000_create_users_table', 1),
(2, '2014_10_12_100000_create_password_resets_table', 1),
(3, '2019_08_19_000000_create_failed_jobs_table', 1),
(4, '2019_12_14_000001_create_personal_access_tokens_table', 1),
(5, '2014_10_12_200000_add_two_factor_columns_to_users_table', 2),
(6, '2023_04_09_152711_create_sessions_table', 2),
(7, '2023_04_09_153626_create_chat_rooms_table', 3),
(8, '2023_04_09_153653_create_chat_messages_table', 3),
(12, '2023_04_25_080926_create_notifications_table', 4);

-- --------------------------------------------------------

--
-- Table structure for table `notifications`
--

CREATE TABLE `notifications` (
  `id` char(36) COLLATE utf8mb4_unicode_ci NOT NULL,
  `type` varchar(191) COLLATE utf8mb4_unicode_ci NOT NULL,
  `notifiable_type` varchar(191) COLLATE utf8mb4_unicode_ci NOT NULL,
  `notifiable_id` bigint(20) UNSIGNED NOT NULL,
  `data` text COLLATE utf8mb4_unicode_ci NOT NULL,
  `user_id` bigint(20) UNSIGNED NOT NULL,
  `chat_room_id` bigint(20) UNSIGNED NOT NULL,
  `read_at` timestamp NULL DEFAULT NULL,
  `created_at` timestamp NULL DEFAULT NULL,
  `updated_at` timestamp NULL DEFAULT NULL
) ENGINE=InnoDB DEFAULT CHARSET=utf8mb4 COLLATE=utf8mb4_unicode_ci;

-- --------------------------------------------------------

--
-- Table structure for table `participants`
--

CREATE TABLE `participants` (
  `id` bigint(20) NOT NULL,
  `chat_room_id` bigint(20) NOT NULL,
  `user_id` bigint(20) NOT NULL,
  `role` varchar(20) NOT NULL DEFAULT 'member',
  `created_at` timestamp NULL DEFAULT NULL,
  `updated_at` timestamp NULL DEFAULT NULL
) ENGINE=InnoDB DEFAULT CHARSET=utf8mb4;

--
-- Dumping data for table `participants`
--

INSERT INTO `participants` (`id`, `chat_room_id`, `user_id`, `role`, `created_at`, `updated_at`) VALUES
(1, 15, 2, 'admin', '2023-04-28 15:24:37', '2023-04-28 15:24:37'),
(2, 15, 1, 'admin', '2023-04-28 15:28:07', '2023-04-28 15:28:07'),
(3, 16, 2, 'admin', '2023-04-28 15:30:21', '2023-04-28 15:30:21'),
(8, 3, 3, 'member', '2023-04-28 16:09:24', '2023-04-28 16:09:24'),
(9, 22, 4, 'admin', '2023-04-28 16:14:24', '2023-04-28 16:14:24'),
(10, 22, 1, 'member', '2023-04-28 16:19:19', '2023-04-28 16:19:19'),
(12, 22, 3, 'member', '2023-04-28 16:19:48', '2023-04-28 16:19:48'),
(13, 26, 1, 'admin', '2023-04-28 17:55:36', '2023-04-28 17:55:36'),
(14, 26, 3, 'member', '2023-04-28 17:55:36', '2023-04-28 17:55:36'),
(15, 27, 1, 'admin', '2023-04-28 17:56:28', '2023-04-28 17:56:28'),
(16, 27, 3, 'member', '2023-04-28 17:56:28', '2023-04-28 17:56:28'),
(17, 28, 1, 'admin', '2023-04-28 17:57:17', '2023-04-28 17:57:17'),
(18, 28, 3, 'member', '2023-04-28 17:57:17', '2023-04-28 17:57:17'),
(19, 30, 4, 'admin', '2023-05-01 15:42:32', '2023-05-01 15:42:32'),
(20, 31, 4, 'admin', '2023-05-01 15:43:06', '2023-05-01 15:43:06'),
(21, 36, 2, 'admin', '2023-05-16 15:44:23', '2023-05-16 15:44:23'),
(22, 36, 2, 'member', '2023-05-16 15:44:23', '2023-05-16 15:44:23'),
(23, 37, 2, 'admin', '2023-05-16 15:44:59', '2023-05-16 15:44:59'),
(24, 37, 2, 'member', '2023-05-16 15:44:59', '2023-05-16 15:44:59'),
(25, 38, 2, 'admin', '2023-05-16 15:45:23', '2023-05-16 15:45:23'),
(26, 38, 1, 'member', '2023-05-16 15:45:23', '2023-05-16 15:45:23'),
(27, 39, 2, 'admin', '2023-05-16 15:45:52', '2023-05-16 15:45:52'),
(28, 39, 1, 'member', '2023-05-16 15:45:52', '2023-05-16 15:45:52'),
(29, 40, 2, 'admin', '2023-05-16 15:50:58', '2023-05-16 15:50:58'),
(30, 40, 1, 'member', '2023-05-16 15:50:58', '2023-05-16 15:50:58'),
(31, 41, 2, 'admin', '2023-05-16 15:57:59', '2023-05-16 15:57:59'),
(32, 41, 1, 'member', '2023-05-16 17:03:28', '2023-05-16 17:03:28'),
(40, 45, 3, 'member', '2023-05-28 12:43:40', '2023-05-28 12:43:40'),
(41, 46, 4, 'member', '2023-05-28 13:49:55', '2023-05-28 13:49:55'),
(48, 50, 2, 'admin', '2023-05-31 15:44:49', '2023-05-31 15:44:49'),
(49, 50, 3, 'member', '2023-05-31 15:44:49', '2023-05-31 15:44:49'),
(50, 51, 2, 'admin', '2023-05-31 15:44:53', '2023-05-31 15:44:53'),
(51, 51, 4, 'member', '2023-05-31 15:44:53', '2023-05-31 15:44:53'),
(52, 52, 2, 'admin', '2023-05-31 17:52:22', '2023-05-31 17:52:22'),
(53, 52, 10, 'member', '2023-05-31 17:52:22', '2023-05-31 17:52:22'),
(54, 53, 2, 'member', '2023-05-31 17:58:25', '2023-05-31 17:58:25'),
(55, 54, 2, 'member', '2023-05-31 17:59:06', '2023-05-31 17:59:06'),
(56, 55, 2, 'member', '2023-05-31 18:05:57', '2023-05-31 18:05:57'),
(57, 56, 2, 'admin', '2023-05-31 18:22:45', '2023-05-31 18:22:45');

-- --------------------------------------------------------

--
-- Table structure for table `password_resets`
--

CREATE TABLE `password_resets` (
  `email` varchar(255) COLLATE utf8mb4_unicode_ci NOT NULL,
  `token` varchar(255) COLLATE utf8mb4_unicode_ci NOT NULL,
  `created_at` timestamp NULL DEFAULT NULL
) ENGINE=InnoDB DEFAULT CHARSET=utf8mb4 COLLATE=utf8mb4_unicode_ci;

-- --------------------------------------------------------

--
-- Table structure for table `payments`
--

CREATE TABLE `payments` (
  `id` bigint(20) UNSIGNED NOT NULL,
  `sender_id` bigint(20) UNSIGNED NOT NULL,
  `receiver_id` bigint(20) UNSIGNED NOT NULL,
  `job_id` bigint(20) UNSIGNED NOT NULL,
  `amount` double NOT NULL,
  `company_ratio` double NOT NULL,
  `amount_after_discount` double NOT NULL,
  `created_at` timestamp NULL DEFAULT NULL,
  `updated_at` timestamp NULL DEFAULT NULL
) ENGINE=InnoDB DEFAULT CHARSET=utf8mb4 COLLATE=utf8mb4_unicode_ci;

--
-- Dumping data for table `payments`
--

INSERT INTO `payments` (`id`, `sender_id`, `receiver_id`, `job_id`, `amount`, `company_ratio`, `amount_after_discount`, `created_at`, `updated_at`) VALUES
(1, 2, 3, 4, 1200, 100, 1100, NULL, NULL),
(2, 3, 8, 6, 5000, 300, 4700, NULL, NULL);

-- --------------------------------------------------------

--
-- Table structure for table `personal_access_tokens`
--

CREATE TABLE `personal_access_tokens` (
  `id` bigint(20) UNSIGNED NOT NULL,
  `tokenable_type` varchar(255) COLLATE utf8mb4_unicode_ci NOT NULL,
  `tokenable_id` bigint(20) UNSIGNED NOT NULL,
  `name` varchar(255) COLLATE utf8mb4_unicode_ci NOT NULL,
  `token` varchar(64) COLLATE utf8mb4_unicode_ci NOT NULL,
  `abilities` text COLLATE utf8mb4_unicode_ci DEFAULT NULL,
  `last_used_at` timestamp NULL DEFAULT NULL,
  `expires_at` timestamp NULL DEFAULT NULL,
  `created_at` timestamp NULL DEFAULT NULL,
  `updated_at` timestamp NULL DEFAULT NULL
) ENGINE=InnoDB DEFAULT CHARSET=utf8mb4 COLLATE=utf8mb4_unicode_ci;

--
-- Dumping data for table `personal_access_tokens`
--

INSERT INTO `personal_access_tokens` (`id`, `tokenable_type`, `tokenable_id`, `name`, `token`, `abilities`, `last_used_at`, `expires_at`, `created_at`, `updated_at`) VALUES
(1, 'App\\Models\\User', 1, 'tarek', 'd3ed542b2039ac2bb9fb3dcda58a800714c400a59b82800b7e3312719f00610b', '[\"*\"]', NULL, NULL, '2023-05-14 13:14:51', '2023-05-14 13:14:51'),
(2, 'App\\Models\\User', 1, 'tarek', 'fd258ecc78543c8fd2488346af9854b13f5f3f33253fc055151612e6acde8d04', '[\"*\"]', '2023-05-14 13:41:21', NULL, '2023-05-14 13:20:01', '2023-05-14 13:41:21'),
(3, 'App\\Models\\User', 1, 'tarek', '6ba4ba6cf6a70a6e91fb61eb02931807454c48163552fa0038faa1c29d65515b', '[\"*\"]', NULL, NULL, '2023-05-14 13:41:06', '2023-05-14 13:41:06'),
(4, 'App\\Models\\User', 1, 'tarek', '1d86518cf804eec4f9b10ef1a22f691a4460603865e31206715ad2971c46e5f8', '[\"*\"]', '2023-05-14 14:02:50', NULL, '2023-05-14 13:41:09', '2023-05-14 14:02:50'),
(5, 'App\\Models\\User', 1, 'tarek', '4eec00812904675595399ecc0e437cc726864ec8e1dcbcc53e05b7dc531eae4c', '[\"*\"]', '2023-05-14 15:04:49', NULL, '2023-05-14 14:03:02', '2023-05-14 15:04:49'),
(6, 'App\\Models\\User', 1, 'tarek', '2ffa595d7e0f7ea92c9cc90593b471a78ade68bdffdd075c9588efe5d70b7b6a', '[\"*\"]', '2023-05-16 03:38:56', NULL, '2023-05-14 15:04:57', '2023-05-16 03:38:56'),
(7, 'App\\Models\\User', 14, 'tarek2325', '7b7954b8239fada86ce770bae2e52d8ee014d4485c4da0c53c552a06e005ed5f', '[\"*\"]', NULL, NULL, '2023-05-15 05:02:39', '2023-05-15 05:02:39'),
(8, 'App\\Models\\User', 16, 'MyApp', '40d316681938e9401106f97882b41bc65cdde7068a47e6ef55204248947edf6e', '[\"*\"]', NULL, NULL, '2023-05-15 06:15:25', '2023-05-15 06:15:25'),
(9, 'App\\Models\\User', 17, 'tarek988', '8ce2c404239a1aacefa8720e8d8539b1f3b16714d1c99fff67386464aece5e99', '[\"*\"]', NULL, NULL, '2023-05-15 06:18:51', '2023-05-15 06:18:51'),
(10, 'App\\Models\\User', 14, 'tarek2325', '5c29317f159006aa8400cf035381e032afc88c25ea86451d8e99c87b0f29cc75', '[\"*\"]', NULL, NULL, '2023-05-15 06:21:11', '2023-05-15 06:21:11'),
(11, 'App\\Models\\User', 16, 'tarek98', 'ca92ce1be3eca46afcd5f42b4cbb440c19c1ec2e52cc0f2226df4e7e248787f7', '[\"*\"]', NULL, NULL, '2023-05-15 06:46:09', '2023-05-15 06:46:09'),
(12, 'App\\Models\\User', 16, 'tarek98', '55a911cde9f5bae7a9aa13d2f3c8abdce5d1a5133e67d4e87eecf7eb975b7725', '[\"*\"]', NULL, NULL, '2023-05-15 07:54:34', '2023-05-15 07:54:34'),
(13, 'App\\Models\\User', 16, 'tarek98', '5ccce7f4c6bbd6bd65a8668c07733feb724d86cd20a8e4d6047435b08bc9ffda', '[\"*\"]', NULL, NULL, '2023-05-15 07:55:09', '2023-05-15 07:55:09'),
(14, 'App\\Models\\User', 18, 'opera', 'd6faabf8c0558fbe627ca955fc64df2e2da8ccec403aa68e07987bca54e2b1bb', '[\"*\"]', NULL, NULL, '2023-05-15 07:56:01', '2023-05-15 07:56:01'),
(15, 'App\\Models\\User', 18, 'opera', '72c10fb92fa354dda7bb7642801a0f02ecf4224be2ed165905b6413f1252853c', '[\"*\"]', NULL, NULL, '2023-05-15 07:56:25', '2023-05-15 07:56:25'),
(16, 'App\\Models\\User', 18, 'opera', '94c5d525698ce600592795fe8e1a17eedb0cad1474246e6aacc0134c84e3926b', '[\"*\"]', NULL, NULL, '2023-05-15 07:56:28', '2023-05-15 07:56:28'),
(18, 'App\\Models\\User', 18, 'opera', '109be466af9692073658958f84eaf7963fcdcd9135b87ef8d205531e127ff2e9', '[\"*\"]', NULL, NULL, '2023-05-15 08:30:07', '2023-05-15 08:30:07'),
(19, 'App\\Models\\User', 19, 'moon', '81f44ba431b9c15ae8bec0c581d6f389077876e13752086df774b9c70ec0475b', '[\"*\"]', NULL, NULL, '2023-05-15 08:41:51', '2023-05-15 08:41:51'),
(20, 'App\\Models\\User', 20, 'moon1', '7ca1f1ff64907a009c59da0be761770806d65fcca96c62a2fd3aa441f82230a5', '[\"*\"]', NULL, NULL, '2023-05-15 08:43:07', '2023-05-15 08:43:07'),
(21, 'App\\Models\\User', 21, 'moon122', 'cbd476b6de70b9339c1e0c610bd0c53e181e2a8bbb4d4eaf68e78cfde83e3e10', '[\"*\"]', NULL, NULL, '2023-05-15 08:47:36', '2023-05-15 08:47:36'),
(24, 'App\\Models\\User', 22, 'fire', 'd7a606fb15f4168df9954ee795d0bb304075bf59f606517557695f9a852f5fdd', '[\"*\"]', '2023-05-15 11:08:49', NULL, '2023-05-15 11:08:32', '2023-05-15 11:08:49'),
(27, 'App\\Models\\User', 22, 'fire', 'e940cf30f83dd507599b5522535b1db27bc6e39c43744b0090b7aa43e736c026', '[\"*\"]', '2023-05-15 12:02:51', NULL, '2023-05-15 12:01:23', '2023-05-15 12:02:51'),
(28, 'App\\Models\\User', 22, 'fire', 'bbe8594dc7e903ece6950dbf9fd0e720ad5317f20e159ecac50e43406519cdfc', '[\"*\"]', NULL, NULL, '2023-05-15 12:02:42', '2023-05-15 12:02:42'),
(29, 'App\\Models\\User', 22, 'fire', '4be6bb545877469b1267a5df0d5a77f31e42fa2e38965667081da9462c54b764', '[\"*\"]', '2023-06-03 06:50:30', NULL, '2023-05-15 12:03:24', '2023-06-03 06:50:30'),
(32, 'App\\Models\\User', 18, 'opera', 'f8911702a3f6d0965062d4d97765a947ff98726b82a4b76d91dc9c64d2a7de1b', '[\"*\"]', NULL, NULL, '2023-05-16 03:41:11', '2023-05-16 03:41:11'),
(33, 'App\\Models\\User', 18, 'opera', 'f305e0cf4a760426c646efadf1b5dd00d0706b42196dbf11114d1562a51ff80f', '[\"*\"]', '2023-05-16 03:55:57', NULL, '2023-05-16 03:46:20', '2023-05-16 03:55:57'),
(35, 'App\\Models\\User', 2, 'mohammed', '9a1e452b5f77107f8d67961988615e5c7b9ba7fe44dcf9aaa6c05c759581e740', '[\"*\"]', NULL, NULL, '2023-05-16 14:59:35', '2023-05-16 14:59:35'),
(36, 'App\\Models\\User', 2, 'mohammed', '32e7e3e12207b07609c870bcf956d4ed47fa47230a7bf141661a4596506004c9', '[\"*\"]', '2023-05-28 11:45:00', NULL, '2023-05-21 09:06:49', '2023-05-28 11:45:00'),
(37, 'App\\Models\\User', 2, 'mohammed', '2371207f32badece6b867cd7f760fcf0efdb9ea7c9604854662766d3e4f9cf2a', '[\"*\"]', '2023-05-28 09:12:24', NULL, '2023-05-28 09:06:53', '2023-05-28 09:12:24'),
(38, 'App\\Models\\User', 3, 'diana', 'b19606724173c2df3b1025592f2ca2c4d460f2d61fc8eb111c8aa7413abbc54a', '[\"*\"]', '2023-05-28 09:13:22', NULL, '2023-05-28 09:12:58', '2023-05-28 09:13:22'),
(39, 'App\\Models\\User', 4, 'osama', '273e59fb0b8caaa0f0aa246608ac81b71c9d0f87dcef41e7b51993e6834a9149', '[\"*\"]', '2023-05-28 09:14:24', NULL, '2023-05-28 09:13:58', '2023-05-28 09:14:24'),
(40, 'App\\Models\\User', 1, 'tarek', 'a348ae34667b9d230e02b642ac9fe631b10007f0150a04ea7b20806fe2b925f6', '[\"*\"]', '2023-05-28 12:24:17', NULL, '2023-05-28 09:14:46', '2023-05-28 12:24:17'),
(41, 'App\\Models\\User', 3, 'diana', '3fd2e7d19eea21d27e58313f2f5445cfed9451bf2516b903180c3f0c587b7b8f', '[\"*\"]', '2023-05-28 12:48:21', NULL, '2023-05-28 12:39:43', '2023-05-28 12:48:21'),
(42, 'App\\Models\\User', 1, 'tarek', '88ff7bbd20fd5fb4d35bc049425bf979c2395b142c5ff2be771c034c1845ac88', '[\"*\"]', '2023-05-28 13:25:52', NULL, '2023-05-28 13:02:33', '2023-05-28 13:25:52'),
(43, 'App\\Models\\User', 2, 'mohammed', '2e125e86d7110801785179dfc07cb99aa0500127b47d88ffcd9a23cc9ff409ba', '[\"*\"]', '2023-05-28 13:36:21', NULL, '2023-05-28 13:26:09', '2023-05-28 13:36:21'),
(44, 'App\\Models\\User', 4, 'osama', '81be5416e288028340d130a11798a9effa345492e4db953fb48c29e0e35456e7', '[\"*\"]', '2023-05-30 11:45:56', NULL, '2023-05-28 13:26:51', '2023-05-30 11:45:56'),
(45, 'App\\Models\\User', 4, 'osama', '6d2707a3c8b7bb594a406f1156ffcc97745b2d30bdd6aa1a75bd33a45f9371d5', '[\"*\"]', '2023-06-03 14:47:58', NULL, '2023-05-30 11:11:43', '2023-06-03 14:47:58'),
(46, 'App\\Models\\User', 3, 'diana', 'd707a4c60c6e4de64a45d9f4ba2de869d3a0b9f2b3fddf48fa877c3b76c9fdd5', '[\"*\"]', '2023-05-30 12:20:29', NULL, '2023-05-30 11:46:49', '2023-05-30 12:20:29'),
(47, 'App\\Models\\User', 2, 'mohammed', '6a0253b144dcd999c762c0556f90503ece6dcdaafb86b285673be9032ea58b97', '[\"*\"]', '2023-05-31 18:22:45', NULL, '2023-05-31 15:13:31', '2023-05-31 18:22:45'),
(48, 'App\\Models\\User', 2, 'mohammed', '6190cb57ad44ed99cda75c1b29d7372cb036da25efc32989bc7e9e53ec38862e', '[\"*\"]', '2023-06-03 16:26:12', NULL, '2023-06-02 15:30:58', '2023-06-03 16:26:12'),
(49, 'App\\Models\\User', 2, 'mohammed', '1fc44da5a7ce33a102210ca2c7288b93c04810889d32b5a4c99841d61606695a', '[\"*\"]', '2023-06-03 06:58:17', NULL, '2023-06-03 06:41:53', '2023-06-03 06:58:17'),
(50, 'App\\Models\\User', 2, 'mohammed', '2b2f629f14c158472c08b259c7027b0af863ea46ca56b2143ba9146af1075e6f', '[\"*\"]', '2023-06-03 16:42:15', NULL, '2023-06-03 06:58:26', '2023-06-03 16:42:15'),
(51, 'App\\Models\\User', 3, 'diana', 'fd95b4027da3d8a88c31c352ecebf46850df238d76e8f08a00935e5267728d02', '[\"*\"]', '2023-06-03 14:28:32', NULL, '2023-06-03 12:46:17', '2023-06-03 14:28:32');

-- --------------------------------------------------------

--
-- Table structure for table `recipients`
--

CREATE TABLE `recipients` (
  `id` bigint(20) NOT NULL,
  `user_id` bigint(20) NOT NULL,
  `message_id` bigint(20) NOT NULL,
  `chat_room_id` int(25) NOT NULL,
  `read_at` timestamp NULL DEFAULT NULL,
  `created_at` timestamp NULL DEFAULT NULL,
  `updated_at` timestamp NULL DEFAULT NULL
) ENGINE=InnoDB DEFAULT CHARSET=utf8mb4;

--
-- Dumping data for table `recipients`
--

INSERT INTO `recipients` (`id`, `user_id`, `message_id`, `chat_room_id`, `read_at`, `created_at`, `updated_at`) VALUES
(1, 4, 126, 0, NULL, '2023-04-28 19:38:28', '2023-04-28 19:38:28'),
(2, 1, 126, 0, NULL, '2023-04-28 19:38:28', '2023-04-28 19:38:28'),
(3, 3, 126, 0, NULL, '2023-04-28 19:38:28', '2023-04-28 19:38:28'),
(4, 4, 127, 0, NULL, '2023-04-28 19:39:14', '2023-04-28 19:39:14'),
(5, 1, 127, 0, NULL, '2023-04-28 19:39:14', '2023-04-28 19:39:14'),
(6, 3, 127, 0, NULL, '2023-04-28 19:39:14', '2023-04-28 19:39:14'),
(7, 1, 128, 0, NULL, '2023-04-28 19:41:24', '2023-04-28 19:41:24'),
(8, 3, 128, 0, NULL, '2023-04-28 19:41:24', '2023-04-28 19:41:24'),
(9, 4, 129, 0, NULL, '2023-04-28 19:44:43', '2023-04-28 19:44:43'),
(10, 1, 129, 0, NULL, '2023-04-28 19:44:43', '2023-04-28 19:44:43'),
(11, 3, 129, 0, NULL, '2023-04-28 19:44:43', '2023-04-28 19:44:43'),
(12, 4, 131, 0, NULL, '2023-04-28 19:46:23', '2023-04-28 19:46:23'),
(13, 1, 131, 0, NULL, '2023-04-28 19:46:23', '2023-04-28 19:46:23'),
(14, 3, 131, 0, NULL, '2023-04-28 19:46:23', '2023-04-28 19:46:23'),
(15, 4, 138, 0, NULL, '2023-04-28 19:58:20', '2023-04-28 19:58:20'),
(16, 1, 138, 0, NULL, '2023-04-28 19:58:20', '2023-04-28 19:58:20'),
(17, 3, 138, 0, NULL, '2023-04-28 19:58:20', '2023-04-28 19:58:20'),
(18, 3, 144, 0, NULL, '2023-04-28 20:33:19', '2023-04-28 20:33:19'),
(19, 2, 144, 0, NULL, '2023-04-28 20:33:19', '2023-04-28 20:33:19'),
(20, 4, 144, 0, NULL, '2023-04-28 20:33:19', '2023-04-28 20:33:19'),
(21, 1, 144, 0, NULL, '2023-04-28 20:33:19', '2023-04-28 20:33:19'),
(22, 4, 145, 0, NULL, '2023-04-30 04:21:51', '2023-04-30 04:21:51'),
(23, 1, 145, 0, NULL, '2023-04-30 04:21:51', '2023-04-30 04:21:51'),
(24, 3, 145, 0, NULL, '2023-04-30 04:21:51', '2023-04-30 04:21:51'),
(25, 4, 146, 0, NULL, '2023-04-30 04:22:06', '2023-04-30 04:22:06'),
(26, 1, 146, 0, NULL, '2023-04-30 04:22:06', '2023-04-30 04:22:06'),
(27, 3, 146, 0, NULL, '2023-04-30 04:22:06', '2023-04-30 04:22:06'),
(28, 4, 147, 0, NULL, '2023-04-30 04:22:59', '2023-04-30 04:22:59'),
(29, 1, 147, 0, NULL, '2023-04-30 04:22:59', '2023-04-30 04:22:59'),
(30, 3, 147, 0, NULL, '2023-04-30 04:22:59', '2023-04-30 04:22:59'),
(31, 4, 148, 0, NULL, '2023-04-30 04:23:27', '2023-04-30 04:23:27'),
(32, 1, 148, 0, NULL, '2023-04-30 04:23:27', '2023-04-30 04:23:27'),
(33, 3, 148, 0, NULL, '2023-04-30 04:23:27', '2023-04-30 04:23:27'),
(34, 4, 149, 0, NULL, '2023-04-30 04:24:43', '2023-04-30 04:24:43'),
(35, 1, 149, 0, NULL, '2023-04-30 04:24:43', '2023-04-30 04:24:43'),
(36, 3, 149, 0, NULL, '2023-04-30 04:24:43', '2023-04-30 04:24:43'),
(37, 3, 150, 0, NULL, '2023-04-30 04:25:27', '2023-04-30 04:25:27'),
(38, 2, 150, 0, NULL, '2023-04-30 04:25:27', '2023-04-30 04:25:27'),
(39, 4, 150, 0, NULL, '2023-04-30 04:25:27', '2023-04-30 04:25:27'),
(40, 1, 150, 0, NULL, '2023-04-30 04:25:27', '2023-04-30 04:25:27'),
(41, 3, 151, 0, NULL, '2023-04-30 04:25:33', '2023-04-30 04:25:33'),
(42, 2, 151, 0, NULL, '2023-04-30 04:25:33', '2023-04-30 04:25:33'),
(43, 4, 151, 0, NULL, '2023-04-30 04:25:33', '2023-04-30 04:25:33'),
(44, 1, 151, 0, NULL, '2023-04-30 04:25:33', '2023-04-30 04:25:33'),
(45, 3, 152, 0, NULL, '2023-04-30 04:25:37', '2023-04-30 04:25:37'),
(46, 2, 152, 0, NULL, '2023-04-30 04:25:37', '2023-04-30 04:25:37'),
(47, 4, 152, 0, NULL, '2023-04-30 04:25:37', '2023-04-30 04:25:37'),
(48, 1, 152, 0, NULL, '2023-04-30 04:25:37', '2023-04-30 04:25:37'),
(49, 3, 153, 0, NULL, '2023-04-30 04:27:49', '2023-04-30 04:27:49'),
(50, 2, 153, 0, NULL, '2023-04-30 04:27:49', '2023-04-30 04:27:49'),
(51, 4, 153, 0, NULL, '2023-04-30 04:27:49', '2023-04-30 04:27:49'),
(52, 1, 153, 0, NULL, '2023-04-30 04:27:49', '2023-04-30 04:27:49'),
(53, 3, 154, 0, NULL, '2023-04-30 04:27:59', '2023-04-30 04:27:59'),
(54, 2, 154, 0, NULL, '2023-04-30 04:27:59', '2023-04-30 04:27:59'),
(55, 4, 154, 0, NULL, '2023-04-30 04:27:59', '2023-04-30 04:27:59'),
(56, 1, 154, 0, NULL, '2023-04-30 04:27:59', '2023-04-30 04:27:59'),
(57, 3, 155, 0, NULL, '2023-04-30 04:30:18', '2023-04-30 04:30:18'),
(58, 2, 155, 0, NULL, '2023-04-30 04:30:18', '2023-04-30 04:30:18'),
(59, 4, 155, 0, NULL, '2023-04-30 04:30:18', '2023-04-30 04:30:18'),
(60, 1, 155, 0, NULL, '2023-04-30 04:30:18', '2023-04-30 04:30:18'),
(61, 4, 156, 0, NULL, '2023-04-30 04:30:34', '2023-04-30 04:30:34'),
(62, 1, 156, 0, NULL, '2023-04-30 04:30:34', '2023-04-30 04:30:34'),
(63, 3, 156, 0, NULL, '2023-04-30 04:30:34', '2023-04-30 04:30:34'),
(64, 4, 157, 0, NULL, '2023-04-30 04:30:43', '2023-04-30 04:30:43'),
(65, 1, 157, 0, NULL, '2023-04-30 04:30:43', '2023-04-30 04:30:43'),
(66, 3, 157, 0, NULL, '2023-04-30 04:30:43', '2023-04-30 04:30:43'),
(67, 4, 158, 0, NULL, '2023-04-30 04:35:20', '2023-04-30 04:35:20'),
(68, 1, 158, 0, NULL, '2023-04-30 04:35:20', '2023-04-30 04:35:20'),
(69, 3, 158, 0, NULL, '2023-04-30 04:35:20', '2023-04-30 04:35:20'),
(70, 4, 159, 0, NULL, '2023-04-30 04:36:15', '2023-04-30 04:36:15'),
(71, 1, 159, 0, NULL, '2023-04-30 04:36:15', '2023-04-30 04:36:15'),
(72, 3, 159, 0, NULL, '2023-04-30 04:36:15', '2023-04-30 04:36:15'),
(73, 4, 160, 0, NULL, '2023-04-30 04:36:46', '2023-04-30 04:36:46'),
(74, 1, 160, 0, NULL, '2023-04-30 04:36:46', '2023-04-30 04:36:46'),
(75, 3, 160, 0, NULL, '2023-04-30 04:36:46', '2023-04-30 04:36:46'),
(76, 4, 161, 0, NULL, '2023-04-30 04:36:53', '2023-04-30 04:36:53'),
(77, 1, 161, 0, NULL, '2023-04-30 04:36:53', '2023-04-30 04:36:53'),
(78, 3, 161, 0, NULL, '2023-04-30 04:36:53', '2023-04-30 04:36:53'),
(79, 4, 162, 0, NULL, '2023-04-30 04:39:29', '2023-04-30 04:39:29'),
(80, 1, 162, 0, NULL, '2023-04-30 04:39:29', '2023-04-30 04:39:29'),
(81, 3, 162, 0, NULL, '2023-04-30 04:39:29', '2023-04-30 04:39:29'),
(82, 4, 163, 0, NULL, '2023-04-30 04:43:40', '2023-04-30 04:43:40'),
(83, 1, 163, 0, NULL, '2023-04-30 04:43:41', '2023-04-30 04:43:41'),
(84, 3, 163, 0, NULL, '2023-04-30 04:43:41', '2023-04-30 04:43:41'),
(85, 4, 164, 0, NULL, '2023-04-30 04:43:56', '2023-04-30 04:43:56'),
(86, 1, 164, 0, NULL, '2023-04-30 04:43:56', '2023-04-30 04:43:56'),
(87, 3, 164, 0, NULL, '2023-04-30 04:43:56', '2023-04-30 04:43:56'),
(88, 4, 165, 0, NULL, '2023-04-30 04:44:11', '2023-04-30 04:44:11'),
(89, 1, 165, 0, NULL, '2023-04-30 04:44:11', '2023-04-30 04:44:11'),
(90, 3, 165, 0, NULL, '2023-04-30 04:44:11', '2023-04-30 04:44:11'),
(91, 4, 166, 0, NULL, '2023-04-30 04:44:22', '2023-04-30 04:44:22'),
(92, 1, 166, 0, NULL, '2023-04-30 04:44:22', '2023-04-30 04:44:22'),
(93, 3, 166, 0, NULL, '2023-04-30 04:44:22', '2023-04-30 04:44:22'),
(94, 4, 167, 0, NULL, '2023-04-30 04:46:20', '2023-04-30 04:46:20'),
(95, 1, 167, 0, NULL, '2023-04-30 04:46:20', '2023-04-30 04:46:20'),
(96, 3, 167, 0, NULL, '2023-04-30 04:46:20', '2023-04-30 04:46:20'),
(97, 4, 168, 0, NULL, '2023-04-30 04:46:27', '2023-04-30 04:46:27'),
(98, 1, 168, 0, NULL, '2023-04-30 04:46:27', '2023-04-30 04:46:27'),
(99, 3, 168, 0, NULL, '2023-04-30 04:46:28', '2023-04-30 04:46:28'),
(100, 4, 169, 0, NULL, '2023-04-30 04:51:05', '2023-04-30 04:51:05'),
(101, 1, 169, 0, NULL, '2023-04-30 04:51:05', '2023-04-30 04:51:05'),
(102, 3, 169, 0, NULL, '2023-04-30 04:51:05', '2023-04-30 04:51:05'),
(103, 4, 170, 0, NULL, '2023-04-30 05:04:11', '2023-04-30 05:04:11'),
(104, 1, 170, 0, NULL, '2023-04-30 05:04:11', '2023-04-30 05:04:11'),
(105, 3, 170, 0, NULL, '2023-04-30 05:04:11', '2023-04-30 05:04:11'),
(106, 4, 171, 0, NULL, '2023-04-30 05:14:25', '2023-04-30 05:14:25'),
(107, 1, 171, 0, NULL, '2023-04-30 05:14:25', '2023-04-30 05:14:25'),
(108, 3, 171, 0, NULL, '2023-04-30 05:14:25', '2023-04-30 05:14:25'),
(109, 4, 173, 22, NULL, '2023-04-30 05:16:02', '2023-04-30 05:16:02'),
(110, 1, 173, 22, NULL, '2023-04-30 05:16:02', '2023-04-30 05:16:02'),
(111, 3, 173, 22, '2023-04-30 05:30:12', '2023-04-30 05:16:02', '2023-04-30 05:30:12'),
(112, 4, 174, 22, NULL, '2023-04-30 05:22:51', '2023-04-30 05:22:51'),
(113, 1, 174, 22, NULL, '2023-04-30 05:22:51', '2023-04-30 05:22:51'),
(114, 3, 174, 22, '2023-04-30 05:30:12', '2023-04-30 05:22:51', '2023-04-30 05:30:12'),
(115, 4, 175, 22, NULL, '2023-04-30 05:22:54', '2023-04-30 05:22:54'),
(116, 1, 175, 22, NULL, '2023-04-30 05:22:54', '2023-04-30 05:22:54'),
(117, 3, 175, 22, '2023-04-30 05:30:12', '2023-04-30 05:22:54', '2023-04-30 05:30:12'),
(118, 3, 177, 2, NULL, '2023-04-30 05:23:39', '2023-04-30 05:23:39'),
(119, 2, 177, 2, NULL, '2023-04-30 05:23:39', '2023-04-30 05:23:39'),
(120, 4, 177, 2, NULL, '2023-04-30 05:23:39', '2023-04-30 05:23:39'),
(121, 1, 177, 2, NULL, '2023-04-30 05:23:39', '2023-04-30 05:23:39'),
(122, 2, 179, 15, '2023-04-30 06:05:11', '2023-04-30 05:56:07', '2023-04-30 06:05:11'),
(123, 1, 179, 15, '2023-04-30 06:01:23', '2023-04-30 05:56:07', '2023-04-30 06:01:23'),
(124, 2, 180, 15, '2023-04-30 06:05:11', '2023-04-30 05:59:49', '2023-04-30 06:05:11'),
(125, 1, 180, 15, '2023-04-30 06:01:23', '2023-04-30 05:59:49', '2023-04-30 06:01:23'),
(126, 2, 181, 15, '2023-04-30 06:05:11', '2023-04-30 05:59:54', '2023-04-30 06:05:11'),
(127, 1, 181, 15, '2023-04-30 06:01:23', '2023-04-30 05:59:54', '2023-04-30 06:01:23'),
(128, 2, 182, 15, '2023-04-30 06:05:11', '2023-04-30 06:02:11', '2023-04-30 06:05:11'),
(129, 1, 182, 15, '2023-04-30 06:02:46', '2023-04-30 06:02:11', '2023-04-30 06:02:46'),
(130, 2, 183, 15, '2023-04-30 06:05:11', '2023-04-30 06:02:15', '2023-04-30 06:05:11'),
(131, 1, 183, 15, '2023-04-30 06:02:46', '2023-04-30 06:02:15', '2023-04-30 06:02:46'),
(132, 3, 184, 1, NULL, '2023-04-30 06:16:48', '2023-04-30 06:16:48'),
(133, 2, 184, 1, NULL, '2023-04-30 06:16:49', '2023-04-30 06:16:49'),
(134, 4, 184, 1, NULL, '2023-04-30 06:16:49', '2023-04-30 06:16:49'),
(135, 1, 184, 1, NULL, '2023-04-30 06:16:49', '2023-04-30 06:16:49'),
(136, 3, 185, 1, NULL, '2023-04-30 06:17:18', '2023-04-30 06:17:18'),
(137, 2, 185, 1, NULL, '2023-04-30 06:17:18', '2023-04-30 06:17:18'),
(138, 4, 185, 1, NULL, '2023-04-30 06:17:18', '2023-04-30 06:17:18'),
(139, 1, 185, 1, NULL, '2023-04-30 06:17:18', '2023-04-30 06:17:18'),
(140, 3, 186, 1, NULL, '2023-04-30 06:18:12', '2023-04-30 06:18:12'),
(141, 2, 186, 1, NULL, '2023-04-30 06:18:13', '2023-04-30 06:18:13'),
(142, 4, 186, 1, NULL, '2023-04-30 06:18:13', '2023-04-30 06:18:13'),
(143, 1, 186, 1, NULL, '2023-04-30 06:18:13', '2023-04-30 06:18:13'),
(144, 3, 187, 1, NULL, '2023-04-30 06:18:21', '2023-04-30 06:18:21'),
(145, 2, 187, 1, NULL, '2023-04-30 06:18:21', '2023-04-30 06:18:21'),
(146, 4, 187, 1, NULL, '2023-04-30 06:18:21', '2023-04-30 06:18:21'),
(147, 1, 187, 1, NULL, '2023-04-30 06:18:21', '2023-04-30 06:18:21'),
(148, 3, 188, 1, NULL, '2023-04-30 06:18:35', '2023-04-30 06:18:35'),
(149, 2, 188, 1, NULL, '2023-04-30 06:18:35', '2023-04-30 06:18:35'),
(150, 4, 188, 1, NULL, '2023-04-30 06:18:35', '2023-04-30 06:18:35'),
(151, 1, 188, 1, NULL, '2023-04-30 06:18:35', '2023-04-30 06:18:35'),
(152, 3, 189, 1, NULL, '2023-04-30 06:18:43', '2023-04-30 06:18:43'),
(153, 2, 189, 1, NULL, '2023-04-30 06:18:44', '2023-04-30 06:18:44'),
(154, 4, 189, 1, NULL, '2023-04-30 06:18:44', '2023-04-30 06:18:44'),
(155, 1, 189, 1, NULL, '2023-04-30 06:18:44', '2023-04-30 06:18:44'),
(156, 4, 190, 22, NULL, '2023-04-30 06:19:13', '2023-04-30 06:19:13'),
(157, 1, 190, 22, NULL, '2023-04-30 06:19:13', '2023-04-30 06:19:13'),
(158, 3, 190, 22, NULL, '2023-04-30 06:19:13', '2023-04-30 06:19:13'),
(159, 4, 191, 22, NULL, '2023-04-30 06:19:21', '2023-04-30 06:19:21'),
(160, 1, 191, 22, NULL, '2023-04-30 06:19:21', '2023-04-30 06:19:21'),
(161, 3, 191, 22, NULL, '2023-04-30 06:19:21', '2023-04-30 06:19:21'),
(162, 3, 192, 1, NULL, '2023-04-30 06:20:38', '2023-04-30 06:20:38'),
(163, 2, 192, 1, NULL, '2023-04-30 06:20:38', '2023-04-30 06:20:38'),
(164, 4, 192, 1, NULL, '2023-04-30 06:20:38', '2023-04-30 06:20:38'),
(165, 1, 192, 1, NULL, '2023-04-30 06:20:38', '2023-04-30 06:20:38'),
(166, 3, 193, 1, NULL, '2023-05-01 14:50:51', '2023-05-01 14:50:51'),
(167, 2, 193, 1, NULL, '2023-05-01 14:50:51', '2023-05-01 14:50:51'),
(168, 4, 193, 1, NULL, '2023-05-01 14:50:51', '2023-05-01 14:50:51'),
(169, 1, 193, 1, NULL, '2023-05-01 14:50:51', '2023-05-01 14:50:51'),
(170, 3, 194, 1, NULL, '2023-05-01 14:51:08', '2023-05-01 14:51:08'),
(171, 2, 194, 1, NULL, '2023-05-01 14:51:08', '2023-05-01 14:51:08'),
(172, 4, 194, 1, NULL, '2023-05-01 14:51:08', '2023-05-01 14:51:08'),
(173, 1, 194, 1, NULL, '2023-05-01 14:51:08', '2023-05-01 14:51:08'),
(174, 3, 195, 1, NULL, '2023-05-01 14:51:26', '2023-05-01 14:51:26'),
(175, 2, 195, 1, NULL, '2023-05-01 14:51:26', '2023-05-01 14:51:26'),
(176, 4, 195, 1, NULL, '2023-05-01 14:51:26', '2023-05-01 14:51:26'),
(177, 1, 195, 1, NULL, '2023-05-01 14:51:26', '2023-05-01 14:51:26'),
(178, 3, 196, 1, NULL, '2023-05-01 14:52:19', '2023-05-01 14:52:19'),
(179, 2, 196, 1, NULL, '2023-05-01 14:52:19', '2023-05-01 14:52:19'),
(180, 4, 196, 1, NULL, '2023-05-01 14:52:19', '2023-05-01 14:52:19'),
(181, 1, 196, 1, NULL, '2023-05-01 14:52:19', '2023-05-01 14:52:19'),
(182, 3, 197, 2, NULL, '2023-05-01 14:52:46', '2023-05-01 14:52:46'),
(183, 2, 197, 2, NULL, '2023-05-01 14:52:46', '2023-05-01 14:52:46'),
(184, 4, 197, 2, NULL, '2023-05-01 14:52:46', '2023-05-01 14:52:46'),
(185, 1, 197, 2, NULL, '2023-05-01 14:52:46', '2023-05-01 14:52:46'),
(186, 3, 198, 2, NULL, '2023-05-01 14:53:44', '2023-05-01 14:53:44'),
(187, 2, 198, 2, NULL, '2023-05-01 14:53:45', '2023-05-01 14:53:45'),
(188, 4, 198, 2, NULL, '2023-05-01 14:53:45', '2023-05-01 14:53:45'),
(189, 1, 198, 2, NULL, '2023-05-01 14:53:45', '2023-05-01 14:53:45'),
(190, 3, 199, 1, NULL, '2023-05-01 15:22:02', '2023-05-01 15:22:02'),
(191, 2, 199, 1, NULL, '2023-05-01 15:22:02', '2023-05-01 15:22:02'),
(192, 4, 199, 1, NULL, '2023-05-01 15:22:02', '2023-05-01 15:22:02'),
(193, 1, 199, 1, NULL, '2023-05-01 15:22:02', '2023-05-01 15:22:02'),
(194, 3, 200, 1, NULL, '2023-05-01 15:22:05', '2023-05-01 15:22:05'),
(195, 2, 200, 1, NULL, '2023-05-01 15:22:05', '2023-05-01 15:22:05'),
(196, 4, 200, 1, NULL, '2023-05-01 15:22:05', '2023-05-01 15:22:05'),
(197, 1, 200, 1, NULL, '2023-05-01 15:22:05', '2023-05-01 15:22:05'),
(198, 4, 201, 22, NULL, '2023-05-10 03:45:09', '2023-05-10 03:45:09'),
(199, 1, 201, 22, NULL, '2023-05-10 03:45:15', '2023-05-10 03:45:15'),
(200, 3, 201, 22, NULL, '2023-05-10 03:45:27', '2023-05-10 03:45:27'),
(201, 4, 202, 22, NULL, '2023-05-10 03:46:52', '2023-05-10 03:46:52'),
(202, 1, 202, 22, NULL, '2023-05-10 03:46:52', '2023-05-10 03:46:52'),
(203, 3, 202, 22, NULL, '2023-05-10 03:46:52', '2023-05-10 03:46:52'),
(204, 4, 203, 22, NULL, '2023-05-10 03:46:59', '2023-05-10 03:46:59'),
(205, 1, 203, 22, NULL, '2023-05-10 03:46:59', '2023-05-10 03:46:59'),
(206, 3, 203, 22, NULL, '2023-05-10 03:46:59', '2023-05-10 03:46:59'),
(207, 2, 205, 41, NULL, '2023-05-21 08:20:56', '2023-05-21 08:20:56'),
(208, 1, 205, 41, NULL, '2023-05-21 08:20:56', '2023-05-21 08:20:56'),
(209, 2, 206, 41, NULL, '2023-05-21 08:21:50', '2023-05-21 08:21:50'),
(210, 1, 206, 41, NULL, '2023-05-21 08:21:50', '2023-05-21 08:21:50'),
(211, 2, 209, 41, NULL, '2023-05-21 08:31:50', '2023-05-21 08:31:50'),
(212, 1, 209, 41, NULL, '2023-05-21 08:31:50', '2023-05-21 08:31:50'),
(213, 2, 210, 41, NULL, '2023-05-21 08:46:33', '2023-05-21 08:46:33'),
(214, 1, 210, 41, NULL, '2023-05-21 08:46:33', '2023-05-21 08:46:33'),
(215, 2, 211, 41, NULL, '2023-05-21 08:47:16', '2023-05-21 08:47:16'),
(216, 1, 211, 41, NULL, '2023-05-21 08:47:16', '2023-05-21 08:47:16'),
(217, 2, 212, 41, NULL, '2023-05-21 08:47:22', '2023-05-21 08:47:22'),
(218, 1, 212, 41, NULL, '2023-05-21 08:47:22', '2023-05-21 08:47:22'),
(219, 2, 213, 41, NULL, '2023-05-21 08:47:28', '2023-05-21 08:47:28'),
(220, 1, 213, 41, NULL, '2023-05-21 08:47:28', '2023-05-21 08:47:28'),
(221, 5, 214, 1, NULL, '2023-05-21 08:53:52', '2023-05-21 08:53:52'),
(222, 3, 214, 1, NULL, '2023-05-21 08:53:52', '2023-05-21 08:53:52'),
(223, 22, 214, 1, NULL, '2023-05-21 08:53:52', '2023-05-21 08:53:52'),
(224, 2, 214, 1, NULL, '2023-05-21 08:53:52', '2023-05-21 08:53:52'),
(225, 19, 214, 1, NULL, '2023-05-21 08:53:52', '2023-05-21 08:53:52'),
(226, 20, 214, 1, NULL, '2023-05-21 08:53:52', '2023-05-21 08:53:52'),
(227, 21, 214, 1, NULL, '2023-05-21 08:53:52', '2023-05-21 08:53:52'),
(228, 10, 214, 1, NULL, '2023-05-21 08:53:52', '2023-05-21 08:53:52'),
(229, 9, 214, 1, NULL, '2023-05-21 08:53:52', '2023-05-21 08:53:52'),
(230, 18, 214, 1, NULL, '2023-05-21 08:53:52', '2023-05-21 08:53:52'),
(231, 4, 214, 1, NULL, '2023-05-21 08:53:52', '2023-05-21 08:53:52'),
(232, 25, 214, 1, NULL, '2023-05-21 08:53:52', '2023-05-21 08:53:52'),
(233, 27, 214, 1, NULL, '2023-05-21 08:53:52', '2023-05-21 08:53:52'),
(234, 28, 214, 1, NULL, '2023-05-21 08:53:52', '2023-05-21 08:53:52'),
(235, 32, 214, 1, NULL, '2023-05-21 08:53:52', '2023-05-21 08:53:52'),
(236, 31, 214, 1, NULL, '2023-05-21 08:53:52', '2023-05-21 08:53:52'),
(237, 8, 214, 1, NULL, '2023-05-21 08:53:52', '2023-05-21 08:53:52'),
(238, 23, 214, 1, NULL, '2023-05-21 08:53:52', '2023-05-21 08:53:52'),
(239, 1, 214, 1, NULL, '2023-05-21 08:53:52', '2023-05-21 08:53:52'),
(240, 14, 214, 1, NULL, '2023-05-21 08:53:52', '2023-05-21 08:53:52'),
(241, 15, 214, 1, NULL, '2023-05-21 08:53:52', '2023-05-21 08:53:52'),
(242, 16, 214, 1, NULL, '2023-05-21 08:53:52', '2023-05-21 08:53:52'),
(243, 17, 214, 1, NULL, '2023-05-21 08:53:52', '2023-05-21 08:53:52'),
(244, 5, 215, 1, NULL, '2023-05-21 08:54:21', '2023-05-21 08:54:21'),
(245, 3, 215, 1, NULL, '2023-05-21 08:54:21', '2023-05-21 08:54:21'),
(246, 22, 215, 1, NULL, '2023-05-21 08:54:21', '2023-05-21 08:54:21'),
(247, 2, 215, 1, NULL, '2023-05-21 08:54:21', '2023-05-21 08:54:21'),
(248, 19, 215, 1, NULL, '2023-05-21 08:54:21', '2023-05-21 08:54:21'),
(249, 20, 215, 1, NULL, '2023-05-21 08:54:21', '2023-05-21 08:54:21'),
(250, 21, 215, 1, NULL, '2023-05-21 08:54:21', '2023-05-21 08:54:21'),
(251, 10, 215, 1, NULL, '2023-05-21 08:54:21', '2023-05-21 08:54:21'),
(252, 9, 215, 1, NULL, '2023-05-21 08:54:21', '2023-05-21 08:54:21'),
(253, 18, 215, 1, NULL, '2023-05-21 08:54:21', '2023-05-21 08:54:21'),
(254, 4, 215, 1, NULL, '2023-05-21 08:54:21', '2023-05-21 08:54:21'),
(255, 25, 215, 1, NULL, '2023-05-21 08:54:21', '2023-05-21 08:54:21'),
(256, 27, 215, 1, NULL, '2023-05-21 08:54:21', '2023-05-21 08:54:21'),
(257, 28, 215, 1, NULL, '2023-05-21 08:54:21', '2023-05-21 08:54:21'),
(258, 32, 215, 1, NULL, '2023-05-21 08:54:21', '2023-05-21 08:54:21'),
(259, 31, 215, 1, NULL, '2023-05-21 08:54:21', '2023-05-21 08:54:21'),
(260, 8, 215, 1, NULL, '2023-05-21 08:54:21', '2023-05-21 08:54:21'),
(261, 23, 215, 1, NULL, '2023-05-21 08:54:21', '2023-05-21 08:54:21'),
(262, 1, 215, 1, NULL, '2023-05-21 08:54:21', '2023-05-21 08:54:21'),
(263, 14, 215, 1, NULL, '2023-05-21 08:54:21', '2023-05-21 08:54:21'),
(264, 15, 215, 1, NULL, '2023-05-21 08:54:21', '2023-05-21 08:54:21'),
(265, 16, 215, 1, NULL, '2023-05-21 08:54:21', '2023-05-21 08:54:21'),
(266, 17, 215, 1, NULL, '2023-05-21 08:54:21', '2023-05-21 08:54:21'),
(267, 5, 216, 2, NULL, '2023-05-21 08:54:48', '2023-05-21 08:54:48'),
(268, 3, 216, 2, NULL, '2023-05-21 08:54:48', '2023-05-21 08:54:48'),
(269, 22, 216, 2, NULL, '2023-05-21 08:54:48', '2023-05-21 08:54:48'),
(270, 2, 216, 2, NULL, '2023-05-21 08:54:48', '2023-05-21 08:54:48'),
(271, 19, 216, 2, NULL, '2023-05-21 08:54:48', '2023-05-21 08:54:48'),
(272, 20, 216, 2, NULL, '2023-05-21 08:54:48', '2023-05-21 08:54:48'),
(273, 21, 216, 2, NULL, '2023-05-21 08:54:48', '2023-05-21 08:54:48'),
(274, 10, 216, 2, NULL, '2023-05-21 08:54:48', '2023-05-21 08:54:48'),
(275, 9, 216, 2, NULL, '2023-05-21 08:54:48', '2023-05-21 08:54:48'),
(276, 18, 216, 2, NULL, '2023-05-21 08:54:48', '2023-05-21 08:54:48'),
(277, 4, 216, 2, NULL, '2023-05-21 08:54:48', '2023-05-21 08:54:48'),
(278, 25, 216, 2, NULL, '2023-05-21 08:54:48', '2023-05-21 08:54:48'),
(279, 27, 216, 2, NULL, '2023-05-21 08:54:48', '2023-05-21 08:54:48'),
(280, 28, 216, 2, NULL, '2023-05-21 08:54:48', '2023-05-21 08:54:48'),
(281, 32, 216, 2, NULL, '2023-05-21 08:54:48', '2023-05-21 08:54:48'),
(282, 31, 216, 2, NULL, '2023-05-21 08:54:48', '2023-05-21 08:54:48'),
(283, 8, 216, 2, NULL, '2023-05-21 08:54:48', '2023-05-21 08:54:48'),
(284, 23, 216, 2, NULL, '2023-05-21 08:54:48', '2023-05-21 08:54:48'),
(285, 1, 216, 2, NULL, '2023-05-21 08:54:48', '2023-05-21 08:54:48'),
(286, 14, 216, 2, NULL, '2023-05-21 08:54:48', '2023-05-21 08:54:48'),
(287, 15, 216, 2, NULL, '2023-05-21 08:54:48', '2023-05-21 08:54:48'),
(288, 16, 216, 2, NULL, '2023-05-21 08:54:48', '2023-05-21 08:54:48'),
(289, 17, 216, 2, NULL, '2023-05-21 08:54:48', '2023-05-21 08:54:48'),
(290, 5, 217, 2, NULL, '2023-05-21 09:09:51', '2023-05-21 09:09:51'),
(291, 3, 217, 2, NULL, '2023-05-21 09:09:51', '2023-05-21 09:09:51'),
(292, 22, 217, 2, NULL, '2023-05-21 09:09:51', '2023-05-21 09:09:51'),
(293, 2, 217, 2, NULL, '2023-05-21 09:09:51', '2023-05-21 09:09:51'),
(294, 19, 217, 2, NULL, '2023-05-21 09:09:51', '2023-05-21 09:09:51'),
(295, 20, 217, 2, NULL, '2023-05-21 09:09:51', '2023-05-21 09:09:51'),
(296, 21, 217, 2, NULL, '2023-05-21 09:09:51', '2023-05-21 09:09:51'),
(297, 10, 217, 2, NULL, '2023-05-21 09:09:51', '2023-05-21 09:09:51'),
(298, 9, 217, 2, NULL, '2023-05-21 09:09:51', '2023-05-21 09:09:51'),
(299, 18, 217, 2, NULL, '2023-05-21 09:09:51', '2023-05-21 09:09:51'),
(300, 4, 217, 2, NULL, '2023-05-21 09:09:51', '2023-05-21 09:09:51'),
(301, 25, 217, 2, NULL, '2023-05-21 09:09:51', '2023-05-21 09:09:51'),
(302, 27, 217, 2, NULL, '2023-05-21 09:09:51', '2023-05-21 09:09:51'),
(303, 28, 217, 2, NULL, '2023-05-21 09:09:51', '2023-05-21 09:09:51'),
(304, 32, 217, 2, NULL, '2023-05-21 09:09:51', '2023-05-21 09:09:51'),
(305, 31, 217, 2, NULL, '2023-05-21 09:09:51', '2023-05-21 09:09:51'),
(306, 8, 217, 2, NULL, '2023-05-21 09:09:51', '2023-05-21 09:09:51'),
(307, 23, 217, 2, NULL, '2023-05-21 09:09:51', '2023-05-21 09:09:51'),
(308, 1, 217, 2, NULL, '2023-05-21 09:09:51', '2023-05-21 09:09:51'),
(309, 14, 217, 2, NULL, '2023-05-21 09:09:51', '2023-05-21 09:09:51'),
(310, 15, 217, 2, NULL, '2023-05-21 09:09:52', '2023-05-21 09:09:52'),
(311, 16, 217, 2, NULL, '2023-05-21 09:09:52', '2023-05-21 09:09:52'),
(312, 17, 217, 2, NULL, '2023-05-21 09:09:52', '2023-05-21 09:09:52'),
(313, 5, 218, 2, NULL, '2023-05-21 09:22:53', '2023-05-21 09:22:53'),
(314, 3, 218, 2, NULL, '2023-05-21 09:22:53', '2023-05-21 09:22:53'),
(315, 22, 218, 2, NULL, '2023-05-21 09:22:53', '2023-05-21 09:22:53'),
(316, 2, 218, 2, NULL, '2023-05-21 09:22:53', '2023-05-21 09:22:53'),
(317, 19, 218, 2, NULL, '2023-05-21 09:22:53', '2023-05-21 09:22:53'),
(318, 20, 218, 2, NULL, '2023-05-21 09:22:53', '2023-05-21 09:22:53'),
(319, 21, 218, 2, NULL, '2023-05-21 09:22:53', '2023-05-21 09:22:53'),
(320, 10, 218, 2, NULL, '2023-05-21 09:22:53', '2023-05-21 09:22:53'),
(321, 9, 218, 2, NULL, '2023-05-21 09:22:54', '2023-05-21 09:22:54'),
(322, 18, 218, 2, NULL, '2023-05-21 09:22:54', '2023-05-21 09:22:54'),
(323, 4, 218, 2, NULL, '2023-05-21 09:22:54', '2023-05-21 09:22:54'),
(324, 25, 218, 2, NULL, '2023-05-21 09:22:54', '2023-05-21 09:22:54'),
(325, 27, 218, 2, NULL, '2023-05-21 09:22:54', '2023-05-21 09:22:54'),
(326, 28, 218, 2, NULL, '2023-05-21 09:22:54', '2023-05-21 09:22:54'),
(327, 32, 218, 2, NULL, '2023-05-21 09:22:54', '2023-05-21 09:22:54'),
(328, 31, 218, 2, NULL, '2023-05-21 09:22:54', '2023-05-21 09:22:54'),
(329, 8, 218, 2, NULL, '2023-05-21 09:22:54', '2023-05-21 09:22:54'),
(330, 23, 218, 2, NULL, '2023-05-21 09:22:54', '2023-05-21 09:22:54'),
(331, 1, 218, 2, NULL, '2023-05-21 09:22:54', '2023-05-21 09:22:54'),
(332, 14, 218, 2, NULL, '2023-05-21 09:22:54', '2023-05-21 09:22:54'),
(333, 15, 218, 2, NULL, '2023-05-21 09:22:54', '2023-05-21 09:22:54'),
(334, 16, 218, 2, NULL, '2023-05-21 09:22:54', '2023-05-21 09:22:54'),
(335, 17, 218, 2, NULL, '2023-05-21 09:22:54', '2023-05-21 09:22:54'),
(336, 3, 220, 42, NULL, '2023-05-28 11:41:53', '2023-05-28 11:41:53'),
(337, 1, 220, 42, NULL, '2023-05-28 11:41:53', '2023-05-28 11:41:53'),
(338, 2, 220, 42, NULL, '2023-05-28 11:41:53', '2023-05-28 11:41:53'),
(339, 3, 221, 42, NULL, '2023-05-28 11:45:00', '2023-05-28 11:45:00'),
(340, 1, 221, 42, NULL, '2023-05-28 11:45:00', '2023-05-28 11:45:00'),
(341, 2, 221, 42, NULL, '2023-05-28 11:45:00', '2023-05-28 11:45:00'),
(342, 3, 223, 45, NULL, '2023-05-28 12:46:46', '2023-05-28 12:46:46'),
(343, 3, 224, 45, NULL, '2023-05-28 12:47:11', '2023-05-28 12:47:11'),
(344, 3, 225, 45, NULL, '2023-05-28 12:48:22', '2023-05-28 12:48:22'),
(345, 3, 226, 45, NULL, '2023-05-28 13:43:18', '2023-05-28 13:43:18'),
(346, 3, 227, 45, NULL, '2023-05-28 13:44:11', '2023-05-28 13:44:11'),
(347, 3, 228, 45, NULL, '2023-05-28 13:48:02', '2023-05-28 13:48:02'),
(348, 3, 229, 45, NULL, '2023-05-28 13:48:06', '2023-05-28 13:48:06'),
(349, 4, 230, 46, NULL, '2023-05-28 13:50:23', '2023-05-28 13:50:23'),
(350, 4, 231, 46, NULL, '2023-05-28 13:50:27', '2023-05-28 13:50:27'),
(351, 3, 232, 45, NULL, '2023-05-28 13:50:48', '2023-05-28 13:50:48'),
(352, 3, 233, 45, NULL, '2023-05-28 13:51:14', '2023-05-28 13:51:14'),
(353, 4, 234, 46, NULL, '2023-05-28 13:51:35', '2023-05-28 13:51:35'),
(354, 4, 235, 46, NULL, '2023-05-28 13:51:43', '2023-05-28 13:51:43'),
(355, 2, 236, 41, NULL, '2023-05-31 06:20:49', '2023-05-31 06:20:49'),
(356, 1, 236, 41, NULL, '2023-05-31 06:20:49', '2023-05-31 06:20:49');

-- --------------------------------------------------------

--
-- Table structure for table `reviews`
--

CREATE TABLE `reviews` (
  `review_id` bigint(20) UNSIGNED NOT NULL,
  `job_id` bigint(20) UNSIGNED NOT NULL,
  `user_id` bigint(20) UNSIGNED NOT NULL,
  `rating` int(11) NOT NULL,
  `comment_en` text COLLATE utf8mb4_unicode_ci DEFAULT NULL,
  `comment_ar` text COLLATE utf8mb4_unicode_ci DEFAULT NULL,
  `created_at` timestamp NULL DEFAULT NULL,
  `updated_at` timestamp NULL DEFAULT NULL
) ENGINE=InnoDB DEFAULT CHARSET=utf8mb4 COLLATE=utf8mb4_unicode_ci;

-- --------------------------------------------------------

--
-- Table structure for table `sessions`
--

CREATE TABLE `sessions` (
  `id` varchar(255) COLLATE utf8mb4_unicode_ci NOT NULL,
  `user_id` bigint(20) UNSIGNED DEFAULT NULL,
  `ip_address` varchar(45) COLLATE utf8mb4_unicode_ci DEFAULT NULL,
  `user_agent` text COLLATE utf8mb4_unicode_ci DEFAULT NULL,
  `payload` longtext COLLATE utf8mb4_unicode_ci NOT NULL,
  `last_activity` int(11) NOT NULL
) ENGINE=InnoDB DEFAULT CHARSET=utf8mb4 COLLATE=utf8mb4_unicode_ci;

--
-- Dumping data for table `sessions`
--

INSERT INTO `sessions` (`id`, `user_id`, `ip_address`, `user_agent`, `payload`, `last_activity`) VALUES
('03VUDv4OP2J3snAq08Ngiklzls2MMFaFUAotQ6sR', 37, '127.0.0.1', 'Mozilla/5.0 (Windows NT 10.0; Win64; x64; rv:105.0) Gecko/20100101 Firefox/105.0', 'YTo0OntzOjY6Il90b2tlbiI7czo0MDoiWkJXVmx5YllLdXdYTEFGS2dmS2Rvdm5rdWp0Rjg0WjN0RkUydjBZdCI7czo2OiJfZmxhc2giO2E6Mjp7czozOiJvbGQiO2E6MDp7fXM6MzoibmV3IjthOjA6e319czo1MDoibG9naW5fd2ViXzU5YmEzNmFkZGMyYjJmOTQwMTU4MGYwMTRjN2Y1OGVhNGUzMDk4OWQiO2k6Mzc7czo5OiJfcHJldmlvdXMiO2E6MTp7czozOiJ1cmwiO3M6NDU6Imh0dHA6Ly8xMjcuMC4wLjE6ODAwMC9hci9hZG1pbi9mcmVlbGFuY2Vycy80MSI7fX0=', 1690234429),
('ls0etjQFUeRrCrGQv8RVTQ6eYFrzhZzT78VZ840f', NULL, '127.0.0.1', 'Mozilla/5.0 (Windows NT 10.0; Win64; x64; rv:105.0) Gecko/20100101 Firefox/105.0', 'YTozOntzOjY6Il90b2tlbiI7czo0MDoiMmRJZkFvclR5bmFLR1pZVElaamJMbG5TamNES1VYSk92V3MwN0FTMCI7czo5OiJfcHJldmlvdXMiO2E6MTp7czozOiJ1cmwiO3M6MjE6Imh0dHA6Ly8xMjcuMC4wLjE6ODAwMCI7fXM6NjoiX2ZsYXNoIjthOjI6e3M6Mzoib2xkIjthOjA6e31zOjM6Im5ldyI7YTowOnt9fX0=', 1690233521),
('SqG3IworlixzGdf0Ur5vugYlNNC8riZVS2tRI9fM', 37, '127.0.0.1', 'Mozilla/5.0 (Windows NT 10.0; Win64; x64; rv:105.0) Gecko/20100101 Firefox/105.0', 'YTo0OntzOjY6Il90b2tlbiI7czo0MDoiYVozQ1JZTFZOV1RvaE11V3NsdWQwOXdFeVJ0QWt2WmxZekg1dTFWaSI7czo2OiJfZmxhc2giO2E6Mjp7czozOiJvbGQiO2E6MDp7fXM6MzoibmV3IjthOjA6e319czo5OiJfcHJldmlvdXMiO2E6MTp7czozOiJ1cmwiO3M6NDE6Imh0dHA6Ly8xMjcuMC4wLjE6ODAwMC9hci9hZG1pbi9jYXRlZ29yaWVzIjt9czo1MDoibG9naW5fd2ViXzU5YmEzNmFkZGMyYjJmOTQwMTU4MGYwMTRjN2Y1OGVhNGUzMDk4OWQiO2k6Mzc7fQ==', 1690233309);

-- --------------------------------------------------------

--
-- Table structure for table `tell_mes`
--

CREATE TABLE `tell_mes` (
  `id` bigint(20) NOT NULL,
  `user_id` bigint(20) NOT NULL,
  `vip` tinyint(1) NOT NULL DEFAULT 0,
  `note` text DEFAULT NULL,
  `created_at` timestamp NULL DEFAULT NULL,
  `updated_at` timestamp NULL DEFAULT NULL
) ENGINE=InnoDB DEFAULT CHARSET=utf8mb4;

--
-- Dumping data for table `tell_mes`
--

INSERT INTO `tell_mes` (`id`, `user_id`, `vip`, `note`, `created_at`, `updated_at`) VALUES
(4, 3, 1, 'super freelancer', '2023-05-30 12:20:08', '2023-05-30 12:20:29'),
(5, 4, 1, 'super freelancer', '2023-05-30 12:20:08', '2023-05-30 12:20:29'),
(6, 5, 1, 'super freelancer', '2023-05-30 12:20:08', '2023-05-30 12:20:29'),
(7, 9, 1, 'super freelancer', '2023-05-30 12:20:08', '2023-05-30 12:20:29'),
(8, 10, 1, 'super freelancer', '2023-05-30 12:20:08', '2023-05-30 12:20:29'),
(9, 8, 1, 'super freelancer', '2023-05-30 12:20:08', '2023-05-30 12:20:29');

-- --------------------------------------------------------

--
-- Table structure for table `users`
--

CREATE TABLE `users` (
  `id` bigint(20) UNSIGNED NOT NULL,
  `name` varchar(255) COLLATE utf8mb4_unicode_ci NOT NULL,
  `phone_number` varchar(20) COLLATE utf8mb4_unicode_ci DEFAULT NULL,
  `email` varchar(255) COLLATE utf8mb4_unicode_ci NOT NULL,
  `email_verified_at` timestamp NULL DEFAULT NULL,
  `role` varchar(191) COLLATE utf8mb4_unicode_ci NOT NULL DEFAULT 'user',
  `user_image` varchar(255) COLLATE utf8mb4_unicode_ci DEFAULT NULL,
  `id_image` varchar(255) COLLATE utf8mb4_unicode_ci DEFAULT NULL,
  `user_code` int(11) DEFAULT NULL,
  `password` varchar(255) COLLATE utf8mb4_unicode_ci NOT NULL,
  `notic` text COLLATE utf8mb4_unicode_ci DEFAULT NULL,
  `api_token` varchar(191) COLLATE utf8mb4_unicode_ci DEFAULT NULL,
  `two_factor_secret` text COLLATE utf8mb4_unicode_ci DEFAULT NULL,
  `two_factor_recovery_codes` text COLLATE utf8mb4_unicode_ci DEFAULT NULL,
  `two_factor_confirmed_at` timestamp NULL DEFAULT NULL,
  `remember_token` varchar(100) COLLATE utf8mb4_unicode_ci DEFAULT NULL,
  `created_at` timestamp NULL DEFAULT NULL,
  `updated_at` timestamp NULL DEFAULT NULL
) ENGINE=InnoDB DEFAULT CHARSET=utf8mb4 COLLATE=utf8mb4_unicode_ci;

--
-- Dumping data for table `users`
--

INSERT INTO `users` (`id`, `name`, `phone_number`, `email`, `email_verified_at`, `role`, `user_image`, `id_image`, `user_code`, `password`, `notic`, `api_token`, `two_factor_secret`, `two_factor_recovery_codes`, `two_factor_confirmed_at`, `remember_token`, `created_at`, `updated_at`) VALUES
(1, 'tarek', '0590144141', 'tarek@yahoo.com', NULL, 'admin', NULL, NULL, 111, '$2y$10$58diOiCfi.m28EtXg3hRF.kP8c6bhaNJE5FKUEnUNsOzEe3fdCjG2', NULL, '42|LM7KL6wNPQcgKegVvP15u4u6HPix3kwNFBlOZKvb', NULL, NULL, NULL, NULL, '2023-04-09 12:32:40', '2023-05-28 13:02:33'),
(2, 'mohammed', '0590000044', 'mohammed@yahoo.com', NULL, 'superadmin', NULL, NULL, 222, '$2y$10$.3m/z75MH/mp1zTC2p0hwO6yAzL8UgEii69Lhga05g5l7ZwWXwES.', NULL, '50|r3jJYiqLABQopqbzd8F04XXgb2sR4aZCZAy42CFj', NULL, NULL, NULL, NULL, '2023-04-15 07:55:53', '2023-06-03 06:58:26'),
(3, 'diana', '0590000033', 'diana@yahoo.com', NULL, 'user', NULL, NULL, 333, '$2y$10$tMZLcgbHliTtAwKIpNJKQuQqr02KPt26iFRENBOegEXGzgoWTCzAC', NULL, '51|XVU3JHWMVYqWEAYWvLTGa4tkVZP4RWAXct3YZkJg', NULL, NULL, NULL, NULL, '2023-04-15 07:59:37', '2023-06-03 12:46:17'),
(4, 'osama', '0590000022', 'osama@yahoo.com', NULL, 'user', NULL, NULL, 444, '$2y$10$0oFEYctyNtSUE2u/gM7wWeuf7EdaAYcBAl52d7heQTc3eQXtUcTTe', NULL, '45|KXdWxPtMvFCvadybfB77b0AwLWm0RqZRUl8G4NML', NULL, NULL, NULL, NULL, '2023-04-15 11:56:16', '2023-05-30 11:11:43'),
(5, 'basel', '0590000011', 'basel@yahoo.com', NULL, 'user', NULL, NULL, NULL, '$2y$10$pP7URitrsil6NtPc2YTqfOmiY.CE8zRf13s2pShlNIXiCgMIk82x.', 'new user from postman', NULL, NULL, NULL, NULL, NULL, '2023-05-12 12:05:38', '2023-05-12 13:58:28'),
(8, 'qqq', '0590000000', 'qqq@yahoo.com', NULL, 'freelancer', NULL, NULL, NULL, '$2y$10$UH2gxVuK7hSkie6kE5m4ue7Zpp/LUYuyUNlSrr2USiydkdJTgWiGK', NULL, NULL, NULL, NULL, NULL, NULL, '2023-05-12 13:58:04', '2023-05-14 10:12:35'),
(9, 'noh', '0590000000', 'noah@mailinator.com', NULL, 'freelancer', NULL, NULL, NULL, '$2y$10$bKBLiF/a4jAYQjbSvwrekOm/PAO1qFE19dOly5hlSMw4uzZijQ5vy', 'new', NULL, NULL, NULL, NULL, NULL, '2023-05-12 14:08:57', '2023-05-14 09:28:23'),
(10, 'new', '0590000012', 'new@yahoo.com', NULL, 'freelancer', NULL, NULL, NULL, '$2y$10$gr0gqHxoQlQB.AkcYTmbO..7TLdwaWGRrgt4fDn5DR49ICYKjYL6O', 'new', NULL, NULL, NULL, NULL, NULL, '2023-05-12 14:20:23', '2023-05-14 10:04:40'),
(14, 'tarek2325', NULL, 'tarek2235@yahoo.com', NULL, 'user', NULL, NULL, NULL, '$2y$10$1bf/6JaJ4kkGx04AFZbd4eWELtDuQYhUiYqRc03sD2tK.kVmqlAzK', NULL, NULL, NULL, NULL, NULL, NULL, '2023-05-15 05:00:02', '2023-05-15 05:00:02'),
(15, 'tarek9', NULL, 'tarek9@yahoo.com', NULL, 'user', NULL, NULL, NULL, '$2y$10$ME/QWc2ghFE2.oPDFWU/9eO.PeM7qZMFfEWcc2UksWHrv/NvJTlXa', NULL, NULL, NULL, NULL, NULL, NULL, '2023-05-15 06:12:26', '2023-05-15 06:12:26'),
(16, 'tarek98', NULL, 'tarek98@yahoo.com', NULL, 'user', NULL, NULL, NULL, '$2y$10$lAJFCBC2IlpqtVqOgaeRZuMHrg8ZDBctyZprsZ9tHhajwHg3iZF96', NULL, NULL, NULL, NULL, NULL, NULL, '2023-05-15 06:15:25', '2023-05-15 06:15:25'),
(17, 'tarek988', NULL, 'tarek988@yahoo.com', NULL, 'user', NULL, NULL, NULL, '$2y$10$kmRVoFCMkLj9onfIjyIZTescJQTYf0wuEq.kA82Dn04ouDq6OWcYm', NULL, NULL, NULL, NULL, NULL, NULL, '2023-05-15 06:18:51', '2023-05-15 06:18:51'),
(18, 'opera', NULL, 'opera@yahoo.com', NULL, 'user', NULL, NULL, NULL, '$2y$10$z9tyKIhDCm.cHlQUWbn/xu7WtBNUUL6FFtirPoDfxfoSKPf1IqhUe', NULL, '33|di7Eih9AkdyyabYJ82ImduPUHjajR0KpDGg32yR1', NULL, NULL, NULL, NULL, '2023-05-15 07:56:01', '2023-05-16 03:46:20'),
(19, 'moon', NULL, 'moon@yahoo.com', NULL, 'user', NULL, NULL, NULL, '$2y$10$f851WGJP7nrbEjnoPt4jr.rkBkoA51tRGr4A5zD.aVxit9rLpGOFu', NULL, NULL, NULL, NULL, NULL, NULL, '2023-05-15 08:41:50', '2023-05-15 08:41:50'),
(20, 'moon1', NULL, 'moon1@yahoo.com', NULL, 'user', NULL, NULL, NULL, '$2y$10$MDbfDaUBGXUisl0oDmbPZu7IZA6WsxHK.5WJJtmmnwBKbhirhE5HG', NULL, NULL, NULL, NULL, NULL, NULL, '2023-05-15 08:43:07', '2023-05-15 08:43:07'),
(21, 'new', '0590000012', 'newwwwww@yahoo.com', NULL, 'freelancer', NULL, NULL, NULL, '$2y$10$5V3HefrHHZAY.JqJGnnbpeJbG4CCLxmv4QondUww/K.arTZRkSori', 'new', NULL, NULL, NULL, NULL, NULL, '2023-05-15 08:47:36', '2023-06-03 12:43:11'),
(22, 'ramy', '0590000000', 'ramyey@yahoo.com', NULL, 'user', NULL, NULL, NULL, '$2y$10$3f5ZgD3YuIrHe7mSs8IHG.gSa/hae4DlRoSyBoFq47ADH0TbNTBOG', 'new user', '29|OG5pXHrebrPBJpqjOiqRKwVXAJfeWXl3w7J1XAep', NULL, NULL, NULL, NULL, '2023-05-15 11:07:34', '2023-06-03 06:42:45'),
(23, 'ramy', '0590000000', 'ramyy@yahoo.com', NULL, 'user', NULL, '4493505031684168377_------car2.jpeg', NULL, '$2y$10$ebUR7nnkG8woCbZvyhdFlO7Fncq2YguTW2MmXqHZ3ZK80expcoUt6', 'new user', NULL, NULL, NULL, NULL, NULL, '2023-05-15 12:28:49', '2023-06-02 17:13:30'),
(25, 'osama2', '05900000122', 'osama2@yahoo.com', NULL, 'user', NULL, NULL, NULL, '$2y$10$KUoCQ0alO0bPdEj7j/fDseWbaTKNNq/cR08TKGTraN0iik/m/T1Jq', 'new user', NULL, NULL, NULL, NULL, NULL, '2023-05-15 13:39:55', '2023-05-15 13:39:55'),
(27, 'osama23', '059000001223', 'osama23@yahoo.com', NULL, 'user', NULL, '6437545591684169133_airpod.png', NULL, '$2y$10$CygCWNfEcWG87KQtl01SfOdJC0ATedHgEKQketVwjh/Pd9akV21Dq', 'new user', NULL, NULL, NULL, NULL, NULL, '2023-05-15 13:45:33', '2023-05-15 13:45:33'),
(28, 'osama233', '0590000012233', 'osama233@yahoo.com', NULL, 'user', NULL, '18061332911684169155_airpod.png', NULL, '$2y$10$83iv1DQSKMmfHgZFQLvWuejN3qoZ6KNog4ZVKY8/SOD9PcK8fDmoK', 'new user', NULL, NULL, NULL, NULL, NULL, '2023-05-15 13:45:55', '2023-05-15 13:45:55'),
(31, 'osama2337777', '059000001223311', 'osama2377773@yahoo.com', NULL, 'user', NULL, '6795819921684231623_airpod.png', NULL, '$2y$10$Pona/YotHxe8XjgAe8fUU.eCLEdgfZD5avzKgMP7XstzEzoNHzS5.', 'new user', NULL, NULL, NULL, NULL, NULL, '2023-05-16 07:07:03', '2023-05-16 07:07:03'),
(32, 'osama23377774', '059000001223311', 'osama237744773@yahoo.com', NULL, 'user', NULL, '8117094651684231702_airpod.png', NULL, '$2y$10$SqhqsedG1CxNCfJgvVETw.az1PXHp3K6bKMjl4VJKnGa8Jgkv6NKC', 'new user', NULL, NULL, NULL, NULL, NULL, '2023-05-16 07:08:22', '2023-05-16 07:08:22'),
(34, 'osama23377774ee', '059000001223311', 'osama23ee7744773@yahoo.com', NULL, 'user', NULL, NULL, NULL, '$2y$10$XtVdtVP6BmhIyI2fMHRiR.8CaXOhQ43FotQ8yfyGpdL7QYGpsUmc.', 'new user', NULL, NULL, NULL, NULL, NULL, '2023-06-03 12:19:57', '2023-06-03 12:19:57'),
(35, 'julia', '059000001553311', 'julia@yahoo.com', NULL, 'user', 'user_image_4900350921685818765_imagews.png', NULL, NULL, '$2y$10$NjzwMPb.FKMOQmrLcceJcOo2awHMSnYJgVv7Kh0OKitPBUK34Hf9e', '***', NULL, NULL, NULL, NULL, NULL, '2023-06-03 15:59:25', '2023-06-03 15:59:25'),
(36, 'merkal', '05900000001', 'merkal@yahoo.com', NULL, 'user', '11402373051685821336_car2.jpeg', '21031844811685821336_car1.jpeg', NULL, '$2y$10$StOxGK73F8SExPg2Kht6jeELJnQ8IXcKuM6L14GGQ2oPzJJ4FpTDm', 'new user', NULL, NULL, NULL, NULL, NULL, '2023-06-03 16:00:21', '2023-06-03 16:42:16'),
(37, 'roos', NULL, 'roos@yahoo.com', NULL, 'admin', NULL, NULL, NULL, '$2y$10$O0nyM9xXMIznH/Ukmro0luId1mqR8vuEVSVZU4SbWfzL6EYfpHSwm', NULL, NULL, NULL, NULL, NULL, NULL, '2023-07-24 18:12:51', '2023-07-24 18:12:51');

-- --------------------------------------------------------

--
-- Table structure for table `user_verifications`
--

CREATE TABLE `user_verifications` (
  `user_verification_id` bigint(20) UNSIGNED NOT NULL,
  `user_id` bigint(20) UNSIGNED NOT NULL,
  `first_name_en` varchar(191) COLLATE utf8mb4_unicode_ci NOT NULL,
  `first_name_ar` varchar(191) COLLATE utf8mb4_unicode_ci NOT NULL,
  `last_name_en` varchar(191) COLLATE utf8mb4_unicode_ci NOT NULL,
  `last_name_ar` varchar(191) COLLATE utf8mb4_unicode_ci NOT NULL,
  `address_en` varchar(191) COLLATE utf8mb4_unicode_ci NOT NULL,
  `address_ar` varchar(191) COLLATE utf8mb4_unicode_ci NOT NULL,
  `job_title_en` varchar(191) COLLATE utf8mb4_unicode_ci NOT NULL,
  `job_title_ar` varchar(191) COLLATE utf8mb4_unicode_ci NOT NULL,
  `rank` varchar(191) COLLATE utf8mb4_unicode_ci NOT NULL,
  `image` varchar(191) COLLATE utf8mb4_unicode_ci NOT NULL,
  `id_image` varchar(191) COLLATE utf8mb4_unicode_ci NOT NULL,
  `personal_description` text COLLATE utf8mb4_unicode_ci NOT NULL,
  `completed_projects` int(11) NOT NULL,
  `evaluation` double(8,2) NOT NULL DEFAULT 0.00,
  `created_at` timestamp NULL DEFAULT NULL,
  `updated_at` timestamp NULL DEFAULT NULL
) ENGINE=InnoDB DEFAULT CHARSET=utf8mb4 COLLATE=utf8mb4_unicode_ci;

-- --------------------------------------------------------

--
-- Table structure for table `wallets`
--

CREATE TABLE `wallets` (
  `wallet_id` bigint(20) UNSIGNED NOT NULL,
  `user_id` bigint(20) UNSIGNED NOT NULL,
  `amount` decimal(10,2) NOT NULL,
  `created_at` timestamp NULL DEFAULT NULL,
  `updated_at` timestamp NULL DEFAULT NULL
) ENGINE=InnoDB DEFAULT CHARSET=utf8mb4 COLLATE=utf8mb4_unicode_ci;

--
-- Indexes for dumped tables
--

--
-- Indexes for table `admin_notifications`
--
ALTER TABLE `admin_notifications`
  ADD PRIMARY KEY (`id`);

--
-- Indexes for table `bids`
--
ALTER TABLE `bids`
  ADD PRIMARY KEY (`bid_id`);

--
-- Indexes for table `categories`
--
ALTER TABLE `categories`
  ADD PRIMARY KEY (`id`),
  ADD UNIQUE KEY `categories_name_en_unique` (`name_en`),
  ADD UNIQUE KEY `categories_name_ar_unique` (`name_ar`);

--
-- Indexes for table `chat_messages`
--
ALTER TABLE `chat_messages`
  ADD PRIMARY KEY (`id`);

--
-- Indexes for table `chat_message_texts`
--
ALTER TABLE `chat_message_texts`
  ADD PRIMARY KEY (`id`);

--
-- Indexes for table `chat_privet_rooms`
--
ALTER TABLE `chat_privet_rooms`
  ADD PRIMARY KEY (`id`);

--
-- Indexes for table `chat_rooms`
--
ALTER TABLE `chat_rooms`
  ADD PRIMARY KEY (`id`);

--
-- Indexes for table `failed_jobs`
--
ALTER TABLE `failed_jobs`
  ADD PRIMARY KEY (`id`),
  ADD UNIQUE KEY `failed_jobs_uuid_unique` (`uuid`);

--
-- Indexes for table `freelancers`
--
ALTER TABLE `freelancers`
  ADD PRIMARY KEY (`id`);

--
-- Indexes for table `freelancer_ids`
--
ALTER TABLE `freelancer_ids`
  ADD PRIMARY KEY (`id`);

--
-- Indexes for table `freelancer_services`
--
ALTER TABLE `freelancer_services`
  ADD PRIMARY KEY (`id`);

--
-- Indexes for table `galleries`
--
ALTER TABLE `galleries`
  ADD PRIMARY KEY (`id`);

--
-- Indexes for table `gallery_images`
--
ALTER TABLE `gallery_images`
  ADD PRIMARY KEY (`id`);

--
-- Indexes for table `group_chats`
--
ALTER TABLE `group_chats`
  ADD PRIMARY KEY (`id`);

--
-- Indexes for table `jobs`
--
ALTER TABLE `jobs`
  ADD PRIMARY KEY (`id`);

--
-- Indexes for table `job_files`
--
ALTER TABLE `job_files`
  ADD PRIMARY KEY (`id`);

--
-- Indexes for table `job_notifications`
--
ALTER TABLE `job_notifications`
  ADD PRIMARY KEY (`notification_id`);

--
-- Indexes for table `migrations`
--
ALTER TABLE `migrations`
  ADD PRIMARY KEY (`id`);

--
-- Indexes for table `notifications`
--
ALTER TABLE `notifications`
  ADD PRIMARY KEY (`id`),
  ADD KEY `notifications_notifiable_type_notifiable_id_index` (`notifiable_type`,`notifiable_id`),
  ADD KEY `notifications_user_id_foreign` (`user_id`),
  ADD KEY `notifications_chat_room_id_foreign` (`chat_room_id`);

--
-- Indexes for table `participants`
--
ALTER TABLE `participants`
  ADD PRIMARY KEY (`id`);

--
-- Indexes for table `password_resets`
--
ALTER TABLE `password_resets`
  ADD PRIMARY KEY (`email`),
  ADD KEY `password_resets_email_index` (`email`);

--
-- Indexes for table `payments`
--
ALTER TABLE `payments`
  ADD PRIMARY KEY (`id`);

--
-- Indexes for table `personal_access_tokens`
--
ALTER TABLE `personal_access_tokens`
  ADD PRIMARY KEY (`id`),
  ADD UNIQUE KEY `personal_access_tokens_token_unique` (`token`),
  ADD KEY `personal_access_tokens_tokenable_type_tokenable_id_index` (`tokenable_type`,`tokenable_id`);

--
-- Indexes for table `recipients`
--
ALTER TABLE `recipients`
  ADD PRIMARY KEY (`id`);

--
-- Indexes for table `sessions`
--
ALTER TABLE `sessions`
  ADD PRIMARY KEY (`id`),
  ADD KEY `sessions_user_id_index` (`user_id`),
  ADD KEY `sessions_last_activity_index` (`last_activity`);

--
-- Indexes for table `tell_mes`
--
ALTER TABLE `tell_mes`
  ADD PRIMARY KEY (`id`);

--
-- Indexes for table `users`
--
ALTER TABLE `users`
  ADD PRIMARY KEY (`id`),
  ADD UNIQUE KEY `users_email_unique` (`email`);

--
-- AUTO_INCREMENT for dumped tables
--

--
-- AUTO_INCREMENT for table `admin_notifications`
--
ALTER TABLE `admin_notifications`
  MODIFY `id` bigint(20) UNSIGNED NOT NULL AUTO_INCREMENT;

--
-- AUTO_INCREMENT for table `categories`
--
ALTER TABLE `categories`
  MODIFY `id` bigint(20) UNSIGNED NOT NULL AUTO_INCREMENT, AUTO_INCREMENT=20;

--
-- AUTO_INCREMENT for table `chat_messages`
--
ALTER TABLE `chat_messages`
  MODIFY `id` bigint(20) UNSIGNED NOT NULL AUTO_INCREMENT, AUTO_INCREMENT=237;

--
-- AUTO_INCREMENT for table `chat_message_texts`
--
ALTER TABLE `chat_message_texts`
  MODIFY `id` bigint(20) NOT NULL AUTO_INCREMENT, AUTO_INCREMENT=7;

--
-- AUTO_INCREMENT for table `chat_privet_rooms`
--
ALTER TABLE `chat_privet_rooms`
  MODIFY `id` bigint(20) NOT NULL AUTO_INCREMENT, AUTO_INCREMENT=2;

--
-- AUTO_INCREMENT for table `chat_rooms`
--
ALTER TABLE `chat_rooms`
  MODIFY `id` bigint(20) UNSIGNED NOT NULL AUTO_INCREMENT, AUTO_INCREMENT=57;

--
-- AUTO_INCREMENT for table `failed_jobs`
--
ALTER TABLE `failed_jobs`
  MODIFY `id` bigint(20) UNSIGNED NOT NULL AUTO_INCREMENT;

--
-- AUTO_INCREMENT for table `freelancers`
--
ALTER TABLE `freelancers`
  MODIFY `id` bigint(20) NOT NULL AUTO_INCREMENT, AUTO_INCREMENT=42;

--
-- AUTO_INCREMENT for table `freelancer_ids`
--
ALTER TABLE `freelancer_ids`
  MODIFY `id` bigint(20) NOT NULL AUTO_INCREMENT, AUTO_INCREMENT=7;

--
-- AUTO_INCREMENT for table `freelancer_services`
--
ALTER TABLE `freelancer_services`
  MODIFY `id` bigint(20) NOT NULL AUTO_INCREMENT, AUTO_INCREMENT=33;

--
-- AUTO_INCREMENT for table `galleries`
--
ALTER TABLE `galleries`
  MODIFY `id` bigint(20) UNSIGNED NOT NULL AUTO_INCREMENT, AUTO_INCREMENT=19;

--
-- AUTO_INCREMENT for table `gallery_images`
--
ALTER TABLE `gallery_images`
  MODIFY `id` bigint(20) UNSIGNED NOT NULL AUTO_INCREMENT, AUTO_INCREMENT=19;

--
-- AUTO_INCREMENT for table `jobs`
--
ALTER TABLE `jobs`
  MODIFY `id` bigint(20) UNSIGNED NOT NULL AUTO_INCREMENT, AUTO_INCREMENT=40;

--
-- AUTO_INCREMENT for table `job_files`
--
ALTER TABLE `job_files`
  MODIFY `id` bigint(20) UNSIGNED NOT NULL AUTO_INCREMENT, AUTO_INCREMENT=72;

--
-- AUTO_INCREMENT for table `migrations`
--
ALTER TABLE `migrations`
  MODIFY `id` int(10) UNSIGNED NOT NULL AUTO_INCREMENT, AUTO_INCREMENT=13;

--
-- AUTO_INCREMENT for table `participants`
--
ALTER TABLE `participants`
  MODIFY `id` bigint(20) NOT NULL AUTO_INCREMENT, AUTO_INCREMENT=58;

--
-- AUTO_INCREMENT for table `personal_access_tokens`
--
ALTER TABLE `personal_access_tokens`
  MODIFY `id` bigint(20) UNSIGNED NOT NULL AUTO_INCREMENT, AUTO_INCREMENT=52;

--
-- AUTO_INCREMENT for table `recipients`
--
ALTER TABLE `recipients`
  MODIFY `id` bigint(20) NOT NULL AUTO_INCREMENT, AUTO_INCREMENT=357;

--
-- AUTO_INCREMENT for table `tell_mes`
--
ALTER TABLE `tell_mes`
  MODIFY `id` bigint(20) NOT NULL AUTO_INCREMENT, AUTO_INCREMENT=10;

--
-- AUTO_INCREMENT for table `users`
--
ALTER TABLE `users`
  MODIFY `id` bigint(20) UNSIGNED NOT NULL AUTO_INCREMENT, AUTO_INCREMENT=38;

--
-- Constraints for dumped tables
--

--
-- Constraints for table `notifications`
--
ALTER TABLE `notifications`
  ADD CONSTRAINT `notifications_chat_room_id_foreign` FOREIGN KEY (`chat_room_id`) REFERENCES `chat_rooms` (`id`),
  ADD CONSTRAINT `notifications_user_id_foreign` FOREIGN KEY (`user_id`) REFERENCES `users` (`id`);
COMMIT;

/*!40101 SET CHARACTER_SET_CLIENT=@OLD_CHARACTER_SET_CLIENT */;
/*!40101 SET CHARACTER_SET_RESULTS=@OLD_CHARACTER_SET_RESULTS */;
/*!40101 SET COLLATION_CONNECTION=@OLD_COLLATION_CONNECTION */;
